legacy_id,new_id,kind,old_path,new_path,sha256
001,TB001,raw,01_法规原文库\01_上位法律\001_中华人民共和国证券投资基金法\001_中华人民共和国证券投资基金法_npc_detail.json,01_法规原文库\A_法源与监管总则\A-01上位法律\A-01-01金融与证券基金基础法律\TB001_中华人民共和国证券投资基金法\001_中华人民共和国证券投资基金法_npc_detail.json,75363fad13b5e1b50b9f8957684afb0771427c6d5fb06f6ef831fa0d9cb12297
001,TB001,raw,01_法规原文库\01_上位法律\001_中华人民共和国证券投资基金法\001_中华人民共和国证券投资基金法_国家法律法规数据库.docx,01_法规原文库\A_法源与监管总则\A-01上位法律\A-01-01金融与证券基金基础法律\TB001_中华人民共和国证券投资基金法\001_中华人民共和国证券投资基金法_国家法律法规数据库.docx,3fe28c65f6b6e8cfb64605e1ae9a06e6ca6dbbe40cc46b2b7925304bab040ffa
001,TB001,raw,01_法规原文库\01_上位法律\001_中华人民共和国证券投资基金法\001_中华人民共和国证券投资基金法_国家法律法规数据库.pdf,01_法规原文库\A_法源与监管总则\A-01上位法律\A-01-01金融与证券基金基础法律\TB001_中华人民共和国证券投资基金法\001_中华人民共和国证券投资基金法_国家法律法规数据库.pdf,d78effea2036b83c7d7f1fe7bc68af5ce46447032b369f8e82db687e2e6c0d1f
001,TB001,text,02_文本抽取库\01_上位法律\001_中华人民共和国证券投资基金法\001_中华人民共和国证券投资基金法_国家法律法规数据库.txt,02_文本抽取库\A_法源与监管总则\A-01上位法律\A-01-01金融与证券基金基础法律\TB001_中华人民共和国证券投资基金法\001_中华人民共和国证券投资基金法_国家法律法规数据库.txt,e3b0c44298fc1c149afbf4c8996fb92427ae41e4649b934ca495991b7852b855
001,TB001,text-regenerated,01_法规原文库\A_法源与监管总则\A-01上位法律\A-01-01金融与证券基金基础法律\TB001_中华人民共和国证券投资基金法\001_中华人民共和国证券投资基金法_国家法律法规数据库.docx,02_文本抽取库\A_法源与监管总则\A-01上位法律\A-01-01金融与证券基金基础法律\TB001_中华人民共和国证券投资基金法\001_中华人民共和国证券投资基金法_国家法律法规数据库.txt,5a1fffe4c84f18ea424d8d6a55535fb5e1fdd8d4a1788aca3519972fcfb38d50
002,TB002,raw,01_法规原文库\01_上位法律\002_中华人民共和国证券法\002_中华人民共和国证券法_npc_detail.json,01_法规原文库\A_法源与监管总则\A-01上位法律\A-01-01金融与证券基金基础法律\TB002_中华人民共和国证券法\002_中华人民共和国证券法_npc_detail.json,ed605b70c4c4a858228446b12b94f8eb4c4aa8251620c3d0348c7108f42a2fa4
002,TB002,raw,01_法规原文库\01_上位法律\002_中华人民共和国证券法\002_中华人民共和国证券法_国家法律法规数据库.docx,01_法规原文库\A_法源与监管总则\A-01上位法律\A-01-01金融与证券基金基础法律\TB002_中华人民共和国证券法\002_中华人民共和国证券法_国家法律法规数据库.docx,ca2b54b361d05f319d5fb735a611fd6ceedc0a34d401d580872bfb26ccc3e46b
002,TB002,raw,01_法规原文库\01_上位法律\002_中华人民共和国证券法\002_中华人民共和国证券法_国家法律法规数据库.pdf,01_法规原文库\A_法源与监管总则\A-01上位法律\A-01-01金融与证券基金基础法律\TB002_中华人民共和国证券法\002_中华人民共和国证券法_国家法律法规数据库.pdf,6d19e30b867d71605ccb1dd493d3c285e0056b325e0e40af13f56550a10c52d9
002,TB002,text,02_文本抽取库\01_上位法律\002_中华人民共和国证券法\002_中华人民共和国证券法_国家法律法规数据库.txt,02_文本抽取库\A_法源与监管总则\A-01上位法律\A-01-01金融与证券基金基础法律\TB002_中华人民共和国证券法\002_中华人民共和国证券法_国家法律法规数据库.txt,e3b0c44298fc1c149afbf4c8996fb92427ae41e4649b934ca495991b7852b855
002,TB002,text-regenerated,01_法规原文库\A_法源与监管总则\A-01上位法律\A-01-01金融与证券基金基础法律\TB002_中华人民共和国证券法\002_中华人民共和国证券法_国家法律法规数据库.docx,02_文本抽取库\A_法源与监管总则\A-01上位法律\A-01-01金融与证券基金基础法律\TB002_中华人民共和国证券法\002_中华人民共和国证券法_国家法律法规数据库.txt,335c8888a44c1b9c88a0b0b750df0e4fc0fad881b7888ff780f3f034e351b7ca
003,TB004,raw,01_法规原文库\01_上位法律\003_中华人民共和国银行业监督管理法\003_中华人民共和国银行业监督管理法_npc_detail.json,01_法规原文库\A_法源与监管总则\A-01上位法律\A-01-01金融与证券基金基础法律\TB004_中华人民共和国银行业监督管理法\003_中华人民共和国银行业监督管理法_npc_detail.json,1af125591fbb06bc3f9fbc6c1a45cc511aa80b766cf76fac2e8b3683c76001df
003,TB004,raw,01_法规原文库\01_上位法律\003_中华人民共和国银行业监督管理法\003_中华人民共和国银行业监督管理法_国家法律法规数据库.docx,01_法规原文库\A_法源与监管总则\A-01上位法律\A-01-01金融与证券基金基础法律\TB004_中华人民共和国银行业监督管理法\003_中华人民共和国银行业监督管理法_国家法律法规数据库.docx,c888fcca893328b22d206de090b9229e061665dc894aef46de5aae29cf8c2f1b
003,TB004,raw,01_法规原文库\01_上位法律\003_中华人民共和国银行业监督管理法\003_中华人民共和国银行业监督管理法_国家法律法规数据库.pdf,01_法规原文库\A_法源与监管总则\A-01上位法律\A-01-01金融与证券基金基础法律\TB004_中华人民共和国银行业监督管理法\003_中华人民共和国银行业监督管理法_国家法律法规数据库.pdf,37a5087b62cc440de9efd50105b60f2fab35b2b6325e38697f582f2584e27cdd
003,TB004,text,02_文本抽取库\01_上位法律\003_中华人民共和国银行业监督管理法\003_中华人民共和国银行业监督管理法_国家法律法规数据库.txt,02_文本抽取库\A_法源与监管总则\A-01上位法律\A-01-01金融与证券基金基础法律\TB004_中华人民共和国银行业监督管理法\003_中华人民共和国银行业监督管理法_国家法律法规数据库.txt,e3b0c44298fc1c149afbf4c8996fb92427ae41e4649b934ca495991b7852b855
003,TB004,text-regenerated,01_法规原文库\A_法源与监管总则\A-01上位法律\A-01-01金融与证券基金基础法律\TB004_中华人民共和国银行业监督管理法\003_中华人民共和国银行业监督管理法_国家法律法规数据库.docx,02_文本抽取库\A_法源与监管总则\A-01上位法律\A-01-01金融与证券基金基础法律\TB004_中华人民共和国银行业监督管理法\003_中华人民共和国银行业监督管理法_国家法律法规数据库.txt,4ed5c1a63df8e4173ed2949af7e7c367119cc13290c6e3189f0cc6446b00aa00
004,TB005,raw,01_法规原文库\01_上位法律\004_中华人民共和国信托法\004_中华人民共和国信托法_npc_detail.json,01_法规原文库\A_法源与监管总则\A-01上位法律\A-01-01金融与证券基金基础法律\TB005_中华人民共和国信托法\004_中华人民共和国信托法_npc_detail.json,8e049310222b7eda64373639b2b60c717454619ded45501e2d47bb96e73008fa
004,TB005,raw,01_法规原文库\01_上位法律\004_中华人民共和国信托法\004_中华人民共和国信托法_国家法律法规数据库.docx,01_法规原文库\A_法源与监管总则\A-01上位法律\A-01-01金融与证券基金基础法律\TB005_中华人民共和国信托法\004_中华人民共和国信托法_国家法律法规数据库.docx,f87bf4216e0edabc580696826741d4e1790161b224a78cce93af12c266672657
004,TB005,raw,01_法规原文库\01_上位法律\004_中华人民共和国信托法\004_中华人民共和国信托法_国家法律法规数据库.pdf,01_法规原文库\A_法源与监管总则\A-01上位法律\A-01-01金融与证券基金基础法律\TB005_中华人民共和国信托法\004_中华人民共和国信托法_国家法律法规数据库.pdf,1cc257d4c3c7dfe137275ab377dc8f10a52214b712db8e2e4278eddd22084683
004,TB005,text,02_文本抽取库\01_上位法律\004_中华人民共和国信托法\004_中华人民共和国信托法_国家法律法规数据库.txt,02_文本抽取库\A_法源与监管总则\A-01上位法律\A-01-01金融与证券基金基础法律\TB005_中华人民共和国信托法\004_中华人民共和国信托法_国家法律法规数据库.txt,e3b0c44298fc1c149afbf4c8996fb92427ae41e4649b934ca495991b7852b855
004,TB005,text-regenerated,01_法规原文库\A_法源与监管总则\A-01上位法律\A-01-01金融与证券基金基础法律\TB005_中华人民共和国信托法\004_中华人民共和国信托法_国家法律法规数据库.docx,02_文本抽取库\A_法源与监管总则\A-01上位法律\A-01-01金融与证券基金基础法律\TB005_中华人民共和国信托法\004_中华人民共和国信托法_国家法律法规数据库.txt,2f67817ba35b7431233af5e5aaee64a53d338dc592d23218fa33e66859674a57
025A,TB025,raw,01_法规原文库\05A_税法与公募基金增值税规则\025A_中华人民共和国增值税法\025A_中华人民共和国增值税法_01_税务总局法规库正文页.html,01_法规原文库\A_法源与监管总则\A-01上位法律\A-01-04税收基础法律\TB025_中华人民共和国增值税法\025A_中华人民共和国增值税法_01_税务总局法规库正文页.html,63838e683068bcc2943668c6ddf96fa267f11737a490eba3a8b7bc3563bdb2e6
025A,TB025,raw,01_法规原文库\05A_税法与公募基金增值税规则\025A_中华人民共和国增值税法\025A_中华人民共和国增值税法_附件01_【下载】.html,01_法规原文库\A_法源与监管总则\A-01上位法律\A-01-04税收基础法律\TB025_中华人民共和国增值税法\025A_中华人民共和国增值税法_附件01_【下载】.html,63838e683068bcc2943668c6ddf96fa267f11737a490eba3a8b7bc3563bdb2e6
025A,TB025,text,02_文本抽取库\05A_税法与公募基金增值税规则\025A_中华人民共和国增值税法\025A_中华人民共和国增值税法_01_税务总局法规库正文页.txt,02_文本抽取库\A_法源与监管总则\A-01上位法律\A-01-04税收基础法律\TB025_中华人民共和国增值税法\025A_中华人民共和国增值税法_01_税务总局法规库正文页.txt,8ee4aa1aab864214ab14af21e016b672bc426f510881d27e29e86ebec31853ba
025A,TB025,text,02_文本抽取库\05A_税法与公募基金增值税规则\025A_中华人民共和国增值税法\025A_中华人民共和国增值税法_附件01_【下载】.txt,02_文本抽取库\A_法源与监管总则\A-01上位法律\A-01-04税收基础法律\TB025_中华人民共和国增值税法\025A_中华人民共和国增值税法_附件01_【下载】.txt,8ee4aa1aab864214ab14af21e016b672bc426f510881d27e29e86ebec31853ba
025,TB035,raw,01_法规原文库\05_银行业监管与行业自律\025_商业银行托管业务监督管理办法（试行）\025_商业银行托管业务监督管理办法（试行）_01_规则页.html,01_法规原文库\A_法源与监管总则\A-02统一资管规则与托管总纲\A-02-02商业银行托管总纲\TB035_商业银行托管业务监督管理办法（试行）\025_商业银行托管业务监督管理办法（试行）_01_规则页.html,16181b58c7ecf424fcb3cc3a7b6cfdc57cbcf01a9b3c1691049d677314f0c22e
025,TB035,raw,01_法规原文库\05_银行业监管与行业自律\025_商业银行托管业务监督管理办法（试行）\025_商业银行托管业务监督管理办法（试行）_02_发布说明.html,01_法规原文库\A_法源与监管总则\A-02统一资管规则与托管总纲\A-02-02商业银行托管总纲\TB035_商业银行托管业务监督管理办法（试行）\025_商业银行托管业务监督管理办法（试行）_02_发布说明.html,2746269444dfbb546796f82825e20d277d6f21e04a357922a03218f9a5bd14d6
025,TB035,text,02_文本抽取库\05_银行业监管与行业自律\025_商业银行托管业务监督管理办法（试行）\025_商业银行托管业务监督管理办法（试行）_01_规则页.txt,02_文本抽取库\A_法源与监管总则\A-02统一资管规则与托管总纲\A-02-02商业银行托管总纲\TB035_商业银行托管业务监督管理办法（试行）\025_商业银行托管业务监督管理办法（试行）_01_规则页.txt,19f90b5dfc989c77b44ea072cadc8c09ac92c95993a5ea393144a860ea8a2f4f
025,TB035,text,02_文本抽取库\05_银行业监管与行业自律\025_商业银行托管业务监督管理办法（试行）\025_商业银行托管业务监督管理办法（试行）_02_发布说明.txt,02_文本抽取库\A_法源与监管总则\A-02统一资管规则与托管总纲\A-02-02商业银行托管总纲\TB035_商业银行托管业务监督管理办法（试行）\025_商业银行托管业务监督管理办法（试行）_02_发布说明.txt,eb8f77bae6d2eaa889fb426ffdef5fee53ec5ae3a37d8b7aa3aa509abf261c2d
026,TB036,raw,01_法规原文库\05_银行业监管与行业自律\026_商业银行资产托管业务指引\026_商业银行资产托管业务指引_01_协会正文页.html,01_法规原文库\A_法源与监管总则\A-02统一资管规则与托管总纲\A-02-02商业银行托管总纲\TB036_商业银行资产托管业务指引\026_商业银行资产托管业务指引_01_协会正文页.html,7f52c46e114cdeb692b0f56a8ab003759e4303471785f2954d8611db9623dfec
026,TB036,text,02_文本抽取库\05_银行业监管与行业自律\026_商业银行资产托管业务指引\026_商业银行资产托管业务指引_01_协会正文页.txt,02_文本抽取库\A_法源与监管总则\A-02统一资管规则与托管总纲\A-02-02商业银行托管总纲\TB036_商业银行资产托管业务指引\026_商业银行资产托管业务指引_01_协会正文页.txt,60d2c6a40a446d53a9d78ef5bcc1f23bc234447d0cdb5ddb421c38af679c2923
005,TB040,raw,01_法规原文库\02_行政法规与部门规章\005_证券投资基金托管业务管理办法\005_证券投资基金托管业务管理办法_01_正文页.html,01_法规原文库\A_法源与监管总则\A-02统一资管规则与托管总纲\A-02-03证券投资基金托管总纲\TB040_证券投资基金托管业务管理办法\005_证券投资基金托管业务管理办法_01_正文页.html,32d55952daed46d76348d6481dda44b971a0dc37ffacdf4147148dd5cef6cd1c
005,TB040,text,02_文本抽取库\02_行政法规与部门规章\005_证券投资基金托管业务管理办法\005_证券投资基金托管业务管理办法_01_正文页.txt,02_文本抽取库\A_法源与监管总则\A-02统一资管规则与托管总纲\A-02-03证券投资基金托管总纲\TB040_证券投资基金托管业务管理办法\005_证券投资基金托管业务管理办法_01_正文页.txt,aeaa730f216e027302309480e36821ce56e8c38e56b653d6b8309f54d56931e3
027A,TB068,raw,01_法规原文库\05_银行业监管与行业自律\027A_商业银行内部控制指引\027A_商业银行内部控制指引_01_国务院公报正文页.html,01_法规原文库\B_机构治理与核心业务条线\B-01准入资质与组织架构\TB068_商业银行内部控制指引\027A_商业银行内部控制指引_01_国务院公报正文页.html,f262e0d6a9aa5c55bce48ca2455dae2af93e28bcc773e863e5a5bf04db577441
027A,TB068,text,02_文本抽取库\05_银行业监管与行业自律\027A_商业银行内部控制指引\027A_商业银行内部控制指引_01_国务院公报正文页.txt,02_文本抽取库\B_机构治理与核心业务条线\B-01准入资质与组织架构\TB068_商业银行内部控制指引\027A_商业银行内部控制指引_01_国务院公报正文页.txt,317cf330427365d250b6968eeebe3d8826136c9f8ec1a5813a00a778b5f465aa
027E,TB069,raw,01_法规原文库\05_银行业监管与行业自律\027E_银行保险机构操作风险管理办法\027E_银行保险机构操作风险管理办法_01_监管官网规则页.html,01_法规原文库\B_机构治理与核心业务条线\B-01准入资质与组织架构\TB069_银行保险机构操作风险管理办法\027E_银行保险机构操作风险管理办法_01_监管官网规则页.html,16181b58c7ecf424fcb3cc3a7b6cfdc57cbcf01a9b3c1691049d677314f0c22e
027E,TB069,text,02_文本抽取库\05_银行业监管与行业自律\027E_银行保险机构操作风险管理办法\027E_银行保险机构操作风险管理办法_01_监管官网规则页.txt,02_文本抽取库\B_机构治理与核心业务条线\B-01准入资质与组织架构\TB069_银行保险机构操作风险管理办法\027E_银行保险机构操作风险管理办法_01_监管官网规则页.txt,19f90b5dfc989c77b44ea072cadc8c09ac92c95993a5ea393144a860ea8a2f4f
047A,TB086,raw,01_法规原文库\08_交易所与登记结算基础设施规则\047A_银行间债券市场债券登记托管结算管理办法\047A_银行间债券市场债券登记托管结算管理办法_01_人民银行正文页.html,01_法规原文库\B_机构治理与核心业务条线\B-03账户、资产保管与公司行动\B-03-03资产保管、质押、冻结与协助执行\TB086_银行间债券市场债券登记托管结算管理办法\047A_银行间债券市场债券登记托管结算管理办法_01_人民银行正文页.html,10d52a3981d01b057edd8447b3d7f97791254a6881193b9954b87f50e5fb8dcf
047A,TB086,text,02_文本抽取库\08_交易所与登记结算基础设施规则\047A_银行间债券市场债券登记托管结算管理办法\047A_银行间债券市场债券登记托管结算管理办法_01_人民银行正文页.txt,02_文本抽取库\B_机构治理与核心业务条线\B-03账户、资产保管与公司行动\B-03-03资产保管、质押、冻结与协助执行\TB086_银行间债券市场债券登记托管结算管理办法\047A_银行间债券市场债券登记托管结算管理办法_01_人民银行正文页.txt,0b8f7b422f65cc1558855070d7564fce02daaafdf45fef1acbaae28792c5a79c
024,TB098,raw,01_法规原文库\02_行政法规与部门规章\024_资产管理产品相关会计处理规定\024_资产管理产品相关会计处理规定_01_财政部通知页.html,01_法规原文库\B_机构治理与核心业务条线\B-04会计核算、估值与定价\TB098_资产管理产品相关会计处理规定\024_资产管理产品相关会计处理规定_01_财政部通知页.html,60b8c6a47e6939c7535c525719adbd2e07f2885592a8dff6fa181f35978e5608
024,TB098,raw,01_法规原文库\02_行政法规与部门规章\024_资产管理产品相关会计处理规定\024_资产管理产品相关会计处理规定_02_待入库PDF.pdf,01_法规原文库\B_机构治理与核心业务条线\B-04会计核算、估值与定价\TB098_资产管理产品相关会计处理规定\024_资产管理产品相关会计处理规定_02_待入库PDF.pdf,c89f03a4c01867118cd1e5eeb265f99526c64f3e492684cafdc764dd7dce4657
024,TB098,text,02_文本抽取库\02_行政法规与部门规章\024_资产管理产品相关会计处理规定\024_资产管理产品相关会计处理规定_01_财政部通知页.txt,02_文本抽取库\B_机构治理与核心业务条线\B-04会计核算、估值与定价\TB098_资产管理产品相关会计处理规定\024_资产管理产品相关会计处理规定_01_财政部通知页.txt,6726cec3d6be0e0fd426802abe80b20aebfe4f8de507371724f539a37d064666
024,TB098,text,02_文本抽取库\02_行政法规与部门规章\024_资产管理产品相关会计处理规定\024_资产管理产品相关会计处理规定_02_待入库PDF.txt,02_文本抽取库\B_机构治理与核心业务条线\B-04会计核算、估值与定价\TB098_资产管理产品相关会计处理规定\024_资产管理产品相关会计处理规定_02_待入库PDF.txt,42c8027d12bd337652c54789f43702a606e938b094a6eac4b8a39ef3f1f72633
014,TB099,raw,01_法规原文库\03_证监会公募基金一般运作规则\014_中国证监会关于证券投资基金估值业务的指导意见\014_中国证监会关于证券投资基金估值业务的指导意见_01_正文页.html,01_法规原文库\B_机构治理与核心业务条线\B-04会计核算、估值与定价\TB099_中国证监会关于证券投资基金估值业务的指导意见\014_中国证监会关于证券投资基金估值业务的指导意见_01_正文页.html,47b9559096e2f403e0dfc9bfba5b4fe590de0c9fd2e507e91f6345f1c16719d4
014,TB099,text,02_文本抽取库\03_证监会公募基金一般运作规则\014_中国证监会关于证券投资基金估值业务的指导意见\014_中国证监会关于证券投资基金估值业务的指导意见_01_正文页.txt,02_文本抽取库\B_机构治理与核心业务条线\B-04会计核算、估值与定价\TB099_中国证监会关于证券投资基金估值业务的指导意见\014_中国证监会关于证券投资基金估值业务的指导意见_01_正文页.txt,b9414d3946f3a56aced8fb2bcc50707f5753e38fb86496665661433fc02a2cf3
036,TB100,raw,01_法规原文库\06_AMAC托管运营估值清算细则\036_公开募集证券投资基金会计核算业务指引\036_公开募集证券投资基金会计核算业务指引_01_征求意见通知页.html,01_法规原文库\B_机构治理与核心业务条线\B-04会计核算、估值与定价\TB100_公开募集证券投资基金会计核算业务指引\036_公开募集证券投资基金会计核算业务指引_01_征求意见通知页.html,2a8c95f53433dcd8ba1832631cf1d36b9577d4a746cfb1b5ac2911f500b42612
036,TB100,text,02_文本抽取库\06_AMAC托管运营估值清算细则\036_公开募集证券投资基金会计核算业务指引\036_公开募集证券投资基金会计核算业务指引_01_征求意见通知页.txt,02_文本抽取库\B_机构治理与核心业务条线\B-04会计核算、估值与定价\TB100_公开募集证券投资基金会计核算业务指引\036_公开募集证券投资基金会计核算业务指引_01_征求意见通知页.txt,b8d8aeb7ec9c4be45eee47fa1eeecc087ebe097612b726efacc4a082941baddf
039,TB101,raw,01_法规原文库\06_AMAC托管运营估值清算细则\039_证券投资基金会计核算操作实务手册\039_证券投资基金会计核算操作实务手册_01_附件PDF.pdf,01_法规原文库\B_机构治理与核心业务条线\B-04会计核算、估值与定价\TB101_证券投资基金会计核算操作实务手册\039_证券投资基金会计核算操作实务手册_01_附件PDF.pdf,66c67ec025b20dd78deae5ae4458833cc165675d9a8ed521216a4cc9514c5cb3
039,TB101,text,02_文本抽取库\06_AMAC托管运营估值清算细则\039_证券投资基金会计核算操作实务手册\039_证券投资基金会计核算操作实务手册_01_附件PDF.txt,02_文本抽取库\B_机构治理与核心业务条线\B-04会计核算、估值与定价\TB101_证券投资基金会计核算操作实务手册\039_证券投资基金会计核算操作实务手册_01_附件PDF.txt,c2c11e13a1ea61a9475a26965ac3c4cdce073365e4b5314081c5fb704dc3a9fd
037B,TB103,raw,01_法规原文库\06_AMAC托管运营估值清算细则\037B_关于固定收益品种的估值处理标准\037B_关于固定收益品种的估值处理标准_01_AMAC法规库正文页.html,01_法规原文库\B_机构治理与核心业务条线\B-04会计核算、估值与定价\TB103_关于固定收益品种的估值处理标准\037B_关于固定收益品种的估值处理标准_01_AMAC法规库正文页.html,03b02c222bf4b54a24c33bd5394ebe0b2f75c3038d9ae831c0d5028080d858c7
037B,TB103,raw,01_法规原文库\06_AMAC托管运营估值清算细则\037B_关于固定收益品种的估值处理标准\037B_关于固定收益品种的估值处理标准_02_待入库PDF.pdf,01_法规原文库\B_机构治理与核心业务条线\B-04会计核算、估值与定价\TB103_关于固定收益品种的估值处理标准\037B_关于固定收益品种的估值处理标准_02_待入库PDF.pdf,c2de7dfb455a03f91eeb70397135c890b130b83981bf2285dc362276aff0b248
037B,TB103,text,02_文本抽取库\06_AMAC托管运营估值清算细则\037B_关于固定收益品种的估值处理标准\037B_关于固定收益品种的估值处理标准_01_AMAC法规库正文页.txt,02_文本抽取库\B_机构治理与核心业务条线\B-04会计核算、估值与定价\TB103_关于固定收益品种的估值处理标准\037B_关于固定收益品种的估值处理标准_01_AMAC法规库正文页.txt,5625d0f32c4cc8180901070118b20d885fa1276c5e39858c6d33d2b49fc1a2c9
037B,TB103,text,02_文本抽取库\06_AMAC托管运营估值清算细则\037B_关于固定收益品种的估值处理标准\037B_关于固定收益品种的估值处理标准_02_待入库PDF.txt,02_文本抽取库\B_机构治理与核心业务条线\B-04会计核算、估值与定价\TB103_关于固定收益品种的估值处理标准\037B_关于固定收益品种的估值处理标准_02_待入库PDF.txt,c761f9c3fa0986c8b57f1bc7762c0f51e0b6a8ce75a0343c2633848e4589e8f6
030,TB104,raw,01_法规原文库\06_AMAC托管运营估值清算细则\030_证券投资基金港股通投资资金清算和会计核算估值业务指引（试行）\030_证券投资基金港股通投资资金清算和会计核算估值业务指引（试行）_01_附件PDF.pdf,01_法规原文库\B_机构治理与核心业务条线\B-04会计核算、估值与定价\TB104_证券投资基金港股通投资资金清算和会计核算估值业务指引（试行）\030_证券投资基金港股通投资资金清算和会计核算估值业务指引（试行）_01_附件PDF.pdf,84e18cb5e1f01592b9eaad049d2af9542b7b6c76b909b65693610bb4951ca6a7
030,TB104,text,02_文本抽取库\06_AMAC托管运营估值清算细则\030_证券投资基金港股通投资资金清算和会计核算估值业务指引（试行）\030_证券投资基金港股通投资资金清算和会计核算估值业务指引（试行）_01_附件PDF.txt,02_文本抽取库\B_机构治理与核心业务条线\B-04会计核算、估值与定价\TB104_证券投资基金港股通投资资金清算和会计核算估值业务指引（试行）\030_证券投资基金港股通投资资金清算和会计核算估值业务指引（试行）_01_附件PDF.txt,4250342b1b31e34d7be7f18989546b45380ce8277b66c193b5f6169956037089
031,TB105,raw,01_法规原文库\06_AMAC托管运营估值清算细则\031_证券投资基金参与转融通证券出借业务会计核算和估值业务指引（试行）\031_证券投资基金参与转融通证券出借业务会计核算和估值业务指引（试行）_01_通知页.html,01_法规原文库\B_机构治理与核心业务条线\B-04会计核算、估值与定价\TB105_证券投资基金参与转融通证券出借业务会计核算和估值业务指引（试行）\031_证券投资基金参与转融通证券出借业务会计核算和估值业务指引（试行）_01_通知页.html,8e84dd3342b58c76a5467419231649777d14cbb01a96445c7e81f66ed6458ab2
031,TB105,raw,01_法规原文库\06_AMAC托管运营估值清算细则\031_证券投资基金参与转融通证券出借业务会计核算和估值业务指引（试行）\031_证券投资基金参与转融通证券出借业务会计核算和估值业务指引（试行）_02_附件PDF.pdf,01_法规原文库\B_机构治理与核心业务条线\B-04会计核算、估值与定价\TB105_证券投资基金参与转融通证券出借业务会计核算和估值业务指引（试行）\031_证券投资基金参与转融通证券出借业务会计核算和估值业务指引（试行）_02_附件PDF.pdf,3eead78a25de7bad8e38d7b1b34f3d1879a809fe2bea60d74206efbde69935eb
031,TB105,text,02_文本抽取库\06_AMAC托管运营估值清算细则\031_证券投资基金参与转融通证券出借业务会计核算和估值业务指引（试行）\031_证券投资基金参与转融通证券出借业务会计核算和估值业务指引（试行）_01_通知页.txt,02_文本抽取库\B_机构治理与核心业务条线\B-04会计核算、估值与定价\TB105_证券投资基金参与转融通证券出借业务会计核算和估值业务指引（试行）\031_证券投资基金参与转融通证券出借业务会计核算和估值业务指引（试行）_01_通知页.txt,22bfc21a033bd0c4bcc6bbe9df28005923931b39e8bf1a7b44864e1a81b960e7
031,TB105,text,02_文本抽取库\06_AMAC托管运营估值清算细则\031_证券投资基金参与转融通证券出借业务会计核算和估值业务指引（试行）\031_证券投资基金参与转融通证券出借业务会计核算和估值业务指引（试行）_02_附件PDF.txt,02_文本抽取库\B_机构治理与核心业务条线\B-04会计核算、估值与定价\TB105_证券投资基金参与转融通证券出借业务会计核算和估值业务指引（试行）\031_证券投资基金参与转融通证券出借业务会计核算和估值业务指引（试行）_02_附件PDF.txt,d965e529a614ecca2a21e3ce9e14b70c6a8e259f9ce4b283090ead3e781246ff
032,TB106,raw,01_法规原文库\06_AMAC托管运营估值清算细则\032_证券投资基金投资信用衍生品估值指引（试行）\032_证券投资基金投资信用衍生品估值指引（试行）_02_附件PDF.pdf,01_法规原文库\B_机构治理与核心业务条线\B-04会计核算、估值与定价\TB106_证券投资基金投资信用衍生品估值指引（试行）\032_证券投资基金投资信用衍生品估值指引（试行）_02_附件PDF.pdf,7b5a8efe57d198998dfef857f23136cfd3f1ba2891ef2941a7325afd03087216
032,TB106,text,02_文本抽取库\06_AMAC托管运营估值清算细则\032_证券投资基金投资信用衍生品估值指引（试行）\032_证券投资基金投资信用衍生品估值指引（试行）_02_附件PDF.txt,02_文本抽取库\B_机构治理与核心业务条线\B-04会计核算、估值与定价\TB106_证券投资基金投资信用衍生品估值指引（试行）\032_证券投资基金投资信用衍生品估值指引（试行）_02_附件PDF.txt,b5a699d17623ae9877a09bb33c8cb5d16d7b9d8d2881898516d59d4b27770563
033,TB107,raw,01_法规原文库\06_AMAC托管运营估值清算细则\033_证券投资基金参与同业存单会计核算和估值业务指引（试行）\033_证券投资基金参与同业存单会计核算和估值业务指引（试行）_01_附件PDF.pdf,01_法规原文库\B_机构治理与核心业务条线\B-04会计核算、估值与定价\TB107_证券投资基金参与同业存单会计核算和估值业务指引（试行）\033_证券投资基金参与同业存单会计核算和估值业务指引（试行）_01_附件PDF.pdf,f979c871d0e8f9e5f14c129af24a0389fcc17eb6bfce5b75b187492dfe0a06da
033,TB107,text,02_文本抽取库\06_AMAC托管运营估值清算细则\033_证券投资基金参与同业存单会计核算和估值业务指引（试行）\033_证券投资基金参与同业存单会计核算和估值业务指引（试行）_01_附件PDF.txt,02_文本抽取库\B_机构治理与核心业务条线\B-04会计核算、估值与定价\TB107_证券投资基金参与同业存单会计核算和估值业务指引（试行）\033_证券投资基金参与同业存单会计核算和估值业务指引（试行）_01_附件PDF.txt,7ae471b7715e51c35deda99bfc7e937afe4417a75ce251b5ba3d3950db22859b
034,TB108,raw,01_法规原文库\06_AMAC托管运营估值清算细则\034_证券投资基金投资流通受限股票估值指引（试行）\034_证券投资基金投资流通受限股票估值指引（试行）_02_附件PDF.pdf,01_法规原文库\B_机构治理与核心业务条线\B-04会计核算、估值与定价\TB108_证券投资基金投资流通受限股票估值指引（试行）\034_证券投资基金投资流通受限股票估值指引（试行）_02_附件PDF.pdf,6fde7af3c4a4557f19142a2346712a1490de62a7fc59a54791a521bf0941ac44
034,TB108,text,02_文本抽取库\06_AMAC托管运营估值清算细则\034_证券投资基金投资流通受限股票估值指引（试行）\034_证券投资基金投资流通受限股票估值指引（试行）_02_附件PDF.txt,02_文本抽取库\B_机构治理与核心业务条线\B-04会计核算、估值与定价\TB108_证券投资基金投资流通受限股票估值指引（试行）\034_证券投资基金投资流通受限股票估值指引（试行）_02_附件PDF.txt,397a56c73961f9ecc573885776152bfb2a8e1be655d1733fb77b6c7c45628caa
037A,TB109,raw,01_法规原文库\06_AMAC托管运营估值清算细则\037A_基金中基金估值业务指引（试行）\037A_基金中基金估值业务指引（试行）_01_AMAC官网附件PDF.pdf,01_法规原文库\B_机构治理与核心业务条线\B-04会计核算、估值与定价\TB109_基金中基金估值业务指引（试行）\037A_基金中基金估值业务指引（试行）_01_AMAC官网附件PDF.pdf,4c5e45591d87e50f5f264ec78f9dbc822e4521eb890bc019488198354e7b3874
037A,TB109,text,02_文本抽取库\06_AMAC托管运营估值清算细则\037A_基金中基金估值业务指引（试行）\037A_基金中基金估值业务指引（试行）_01_AMAC官网附件PDF.txt,02_文本抽取库\B_机构治理与核心业务条线\B-04会计核算、估值与定价\TB109_基金中基金估值业务指引（试行）\037A_基金中基金估值业务指引（试行）_01_AMAC官网附件PDF.txt,0952a18112e65e597a03c02a3bfc07aa3b184b061f26b421a449e3b8ae275fe9
030A,TB110,raw,01_法规原文库\06_AMAC托管运营估值清算细则\030A_证券投资基金股指期货投资会计核算业务细则（试行）\030A_证券投资基金股指期货投资会计核算业务细则（试行）_01_待入库DOC.doc,01_法规原文库\B_机构治理与核心业务条线\B-04会计核算、估值与定价\TB110_证券投资基金股指期货投资会计核算业务细则（试行）\030A_证券投资基金股指期货投资会计核算业务细则（试行）_01_待入库DOC.doc,52c5a0c2cfa5c58fa1f1a8116b708b48dd839b04ab83c498143825e86679f1c4
030A,TB110,text,02_文本抽取库\06_AMAC托管运营估值清算细则\030A_证券投资基金股指期货投资会计核算业务细则（试行）\030A_证券投资基金股指期货投资会计核算业务细则（试行）_01_待入库DOC.txt,02_文本抽取库\B_机构治理与核心业务条线\B-04会计核算、估值与定价\TB110_证券投资基金股指期货投资会计核算业务细则（试行）\030A_证券投资基金股指期货投资会计核算业务细则（试行）_01_待入库DOC.txt,d389c87bdf89a6b9e6e46ea18dd55a534414461ad3f17cbd03f935be9e50ccac
030B,TB111,raw,01_法规原文库\06_AMAC托管运营估值清算细则\030B_黄金交易型开放式证券投资基金及联接基金会计核算和估值业务指引（试行）\030B_黄金交易型开放式证券投资基金及联接基金会计核算和估值业务指引（试行）_01_AMAC附件PDF.pdf,01_法规原文库\B_机构治理与核心业务条线\B-04会计核算、估值与定价\TB111_黄金交易型开放式证券投资基金及联接基金会计核算和估值业务指引（试行）\030B_黄金交易型开放式证券投资基金及联接基金会计核算和估值业务指引（试行）_01_AMAC附件PDF.pdf,1a63be6c874dc561bec3876d15f18926f2a3612c015bd7e1f8e1f7a30a8e43e2
030B,TB111,text,02_文本抽取库\06_AMAC托管运营估值清算细则\030B_黄金交易型开放式证券投资基金及联接基金会计核算和估值业务指引（试行）\030B_黄金交易型开放式证券投资基金及联接基金会计核算和估值业务指引（试行）_01_AMAC附件PDF.txt,02_文本抽取库\B_机构治理与核心业务条线\B-04会计核算、估值与定价\TB111_黄金交易型开放式证券投资基金及联接基金会计核算和估值业务指引（试行）\030B_黄金交易型开放式证券投资基金及联接基金会计核算和估值业务指引（试行）_01_AMAC附件PDF.txt,456e29d369581cdc6c05c7c58204b90c210011bbd1a0e92a174efcbc490a7262
047D,TB112,raw,01_法规原文库\08_交易所与登记结算基础设施规则\047D_银行间债券市场债券估值业务管理办法\047D_银行间债券市场债券估值业务管理办法_01_人民银行正文页.html,01_法规原文库\B_机构治理与核心业务条线\B-04会计核算、估值与定价\TB112_银行间债券市场债券估值业务管理办法\047D_银行间债券市场债券估值业务管理办法_01_人民银行正文页.html,0e56ef15a90beafaad552392dccb4b546f4a665ad21d4cb79376bc879e36961a
047D,TB112,raw,01_法规原文库\08_交易所与登记结算基础设施规则\047D_银行间债券市场债券估值业务管理办法\047D_银行间债券市场债券估值业务管理办法_02_待入库PDF.pdf,01_法规原文库\B_机构治理与核心业务条线\B-04会计核算、估值与定价\TB112_银行间债券市场债券估值业务管理办法\047D_银行间债券市场债券估值业务管理办法_02_待入库PDF.pdf,4ebe02156d4d9f342e888f279557546e59ed873bacdd9e131a53467472ddb1d7
047D,TB112,text,02_文本抽取库\08_交易所与登记结算基础设施规则\047D_银行间债券市场债券估值业务管理办法\047D_银行间债券市场债券估值业务管理办法_01_人民银行正文页.txt,02_文本抽取库\B_机构治理与核心业务条线\B-04会计核算、估值与定价\TB112_银行间债券市场债券估值业务管理办法\047D_银行间债券市场债券估值业务管理办法_01_人民银行正文页.txt,462cb333cb9a52411f5afe658d21258e7a0459432661d36408635bbcbecdb2d6
047D,TB112,text,02_文本抽取库\08_交易所与登记结算基础设施规则\047D_银行间债券市场债券估值业务管理办法\047D_银行间债券市场债券估值业务管理办法_02_待入库PDF.txt,02_文本抽取库\B_机构治理与核心业务条线\B-04会计核算、估值与定价\TB112_银行间债券市场债券估值业务管理办法\047D_银行间债券市场债券估值业务管理办法_02_待入库PDF.txt,964768d9d1f5821c64796209102f58143c0ee1883c69dc72cde80b48c36f4923
045A,TB122,raw,01_法规原文库\08_交易所与登记结算基础设施规则\045A_上海证券交易所交易型开放式指数基金业务实施细则\045A_上海证券交易所交易型开放式指数基金业务实施细则_01_上交所规则页.html,01_法规原文库\B_机构治理与核心业务条线\B-05资金清算、交易交收与结算\TB122_上海证券交易所交易型开放式指数基金业务实施细则\045A_上海证券交易所交易型开放式指数基金业务实施细则_01_上交所规则页.html,4266a05ede577ef31a7409cdc5d975145cddc43518255e76f1a04d52e9735dc7
045A,TB122,text,02_文本抽取库\08_交易所与登记结算基础设施规则\045A_上海证券交易所交易型开放式指数基金业务实施细则\045A_上海证券交易所交易型开放式指数基金业务实施细则_01_上交所规则页.txt,02_文本抽取库\B_机构治理与核心业务条线\B-05资金清算、交易交收与结算\TB122_上海证券交易所交易型开放式指数基金业务实施细则\045A_上海证券交易所交易型开放式指数基金业务实施细则_01_上交所规则页.txt,580dd42c1e647a503b2528b76bb01e1d42e85be65f6970f354bbb0b57155b646
046B,TB124,raw,01_法规原文库\08_交易所与登记结算基础设施规则\046B_深圳证券交易所证券投资基金业务指引第4号——交易型开放式基金风险管理\046B_深圳证券交易所证券投资基金业务指引第4号——交易型开放式基金风险管理_01_深交所发布页.html,01_法规原文库\B_机构治理与核心业务条线\B-05资金清算、交易交收与结算\TB124_深圳证券交易所证券投资基金业务指引第4号——交易型开放式基金风险管理\046B_深圳证券交易所证券投资基金业务指引第4号——交易型开放式基金风险管理_01_深交所发布页.html,394e7235b07c41b7ea4adb653c52f4f8e5866af67918536854981662735fccc4
046B,TB124,raw,01_法规原文库\08_交易所与登记结算基础设施规则\046B_深圳证券交易所证券投资基金业务指引第4号——交易型开放式基金风险管理\046B_深圳证券交易所证券投资基金业务指引第4号——交易型开放式基金风险管理_附件01_深圳证券交易所证券投资基金业务指引第4号——交易型开放式基金风险管理.pdf,01_法规原文库\B_机构治理与核心业务条线\B-05资金清算、交易交收与结算\TB124_深圳证券交易所证券投资基金业务指引第4号——交易型开放式基金风险管理\046B_深圳证券交易所证券投资基金业务指引第4号——交易型开放式基金风险管理_附件01_深圳证券交易所证券投资基金业务指引第4号——交易型开放式基金风险管理.pdf,44ac46f3e877a121a59915f5024d7cca2f8742ca14658c75cd33fc0425749bb9
046B,TB124,raw,01_法规原文库\08_交易所与登记结算基础设施规则\046B_深圳证券交易所证券投资基金业务指引第4号——交易型开放式基金风险管理\046B_深圳证券交易所证券投资基金业务指引第4号——交易型开放式基金风险管理_附件02_《深圳证券交易所证券投资基金业务指引第4号——交易型开放式基金风险管理》修订说明.pdf,01_法规原文库\B_机构治理与核心业务条线\B-05资金清算、交易交收与结算\TB124_深圳证券交易所证券投资基金业务指引第4号——交易型开放式基金风险管理\046B_深圳证券交易所证券投资基金业务指引第4号——交易型开放式基金风险管理_附件02_《深圳证券交易所证券投资基金业务指引第4号——交易型开放式基金风险管理》修订说明.pdf,9d5407e5080f44c9f5e9c9309c08911afe0da4d288b448329705e90c2f51d0db
046B,TB124,text,02_文本抽取库\08_交易所与登记结算基础设施规则\046B_深圳证券交易所证券投资基金业务指引第4号——交易型开放式基金风险管理\046B_深圳证券交易所证券投资基金业务指引第4号——交易型开放式基金风险管理_01_深交所发布页.txt,02_文本抽取库\B_机构治理与核心业务条线\B-05资金清算、交易交收与结算\TB124_深圳证券交易所证券投资基金业务指引第4号——交易型开放式基金风险管理\046B_深圳证券交易所证券投资基金业务指引第4号——交易型开放式基金风险管理_01_深交所发布页.txt,ec23be15acca950b8b486167f53c862b015955e5b123dbe3c9b425d73a30259c
046B,TB124,text,02_文本抽取库\08_交易所与登记结算基础设施规则\046B_深圳证券交易所证券投资基金业务指引第4号——交易型开放式基金风险管理\046B_深圳证券交易所证券投资基金业务指引第4号——交易型开放式基金风险管理_附件01_深圳证券交易所证券投资基金业务指引第4号——交易型开放式基金风险管理.txt,02_文本抽取库\B_机构治理与核心业务条线\B-05资金清算、交易交收与结算\TB124_深圳证券交易所证券投资基金业务指引第4号——交易型开放式基金风险管理\046B_深圳证券交易所证券投资基金业务指引第4号——交易型开放式基金风险管理_附件01_深圳证券交易所证券投资基金业务指引第4号——交易型开放式基金风险管理.txt,2cb05757d0517e7ffada2d541401fb584fa29925d8c2e89b54573da856abe033
046B,TB124,text,02_文本抽取库\08_交易所与登记结算基础设施规则\046B_深圳证券交易所证券投资基金业务指引第4号——交易型开放式基金风险管理\046B_深圳证券交易所证券投资基金业务指引第4号——交易型开放式基金风险管理_附件02_《深圳证券交易所证券投资基金业务指引第4号——交易型开放式基金风险管理》修订说明.txt,02_文本抽取库\B_机构治理与核心业务条线\B-05资金清算、交易交收与结算\TB124_深圳证券交易所证券投资基金业务指引第4号——交易型开放式基金风险管理\046B_深圳证券交易所证券投资基金业务指引第4号——交易型开放式基金风险管理_附件02_《深圳证券交易所证券投资基金业务指引第4号——交易型开放式基金风险管理》修订说明.txt,62422521663f429ef1a9cb7ba5286adf689848dad907fc78366954d7ae00bb13
047B,TB125,raw,01_法规原文库\08_交易所与登记结算基础设施规则\047B_全国银行间债券市场债券交易管理办法\047B_全国银行间债券市场债券交易管理办法_01_人民银行正文页.html,01_法规原文库\B_机构治理与核心业务条线\B-05资金清算、交易交收与结算\TB125_全国银行间债券市场债券交易管理办法\047B_全国银行间债券市场债券交易管理办法_01_人民银行正文页.html,b67e74366bf4ec246bb4ccd3e586c315028e8e2ae1201d4618843536b82e5106
047B,TB125,text,02_文本抽取库\08_交易所与登记结算基础设施规则\047B_全国银行间债券市场债券交易管理办法\047B_全国银行间债券市场债券交易管理办法_01_人民银行正文页.txt,02_文本抽取库\B_机构治理与核心业务条线\B-05资金清算、交易交收与结算\TB125_全国银行间债券市场债券交易管理办法\047B_全国银行间债券市场债券交易管理办法_01_人民银行正文页.txt,e3b0c44298fc1c149afbf4c8996fb92427ae41e4649b934ca495991b7852b855
047C,TB127,raw,01_法规原文库\08_交易所与登记结算基础设施规则\047C_银行间市场清算所股份有限公司债券登记托管、清算结算业务规则\047C_银行间市场清算所股份有限公司债券登记托管、清算结算业务规则_01_上清所发布页.html,01_法规原文库\B_机构治理与核心业务条线\B-05资金清算、交易交收与结算\TB127_银行间市场清算所股份有限公司债券登记托管、清算结算业务规则\047C_银行间市场清算所股份有限公司债券登记托管、清算结算业务规则_01_上清所发布页.html,8b1b1629ede581496dbe599ae2097a72c4ab6f6abf95784c708b6731e0703c65
047C,TB127,text,02_文本抽取库\08_交易所与登记结算基础设施规则\047C_银行间市场清算所股份有限公司债券登记托管、清算结算业务规则\047C_银行间市场清算所股份有限公司债券登记托管、清算结算业务规则_01_上清所发布页.txt,02_文本抽取库\B_机构治理与核心业务条线\B-05资金清算、交易交收与结算\TB127_银行间市场清算所股份有限公司债券登记托管、清算结算业务规则\047C_银行间市场清算所股份有限公司债券登记托管、清算结算业务规则_01_上清所发布页.txt,f1706193f8e8c93077ca567f0cee61eedccbecf899dc03f53b72b2738e23322c
008,TB131,raw,01_法规原文库\03_证监会公募基金一般运作规则\008_公开募集证券投资基金运作管理办法\008_公开募集证券投资基金运作管理办法_01_正文页.html,01_法规原文库\B_机构治理与核心业务条线\B-06投资监督、合规与风险管理\TB131_公开募集证券投资基金运作管理办法\008_公开募集证券投资基金运作管理办法_01_正文页.html,8b1da84375766843ae71f6803691ad37eac6a1679396fb0eeda3f7784704b4fa
008,TB131,raw,01_法规原文库\03_证监会公募基金一般运作规则\008_公开募集证券投资基金运作管理办法\008_公开募集证券投资基金运作管理办法_02_规章库正文页.html,01_法规原文库\B_机构治理与核心业务条线\B-06投资监督、合规与风险管理\TB131_公开募集证券投资基金运作管理办法\008_公开募集证券投资基金运作管理办法_02_规章库正文页.html,592c913e1be622d80ac6cfc9c30a1f34c24360b505bb12ee037ca4bdbc80258a
008,TB131,text,02_文本抽取库\03_证监会公募基金一般运作规则\008_公开募集证券投资基金运作管理办法\008_公开募集证券投资基金运作管理办法_01_正文页.txt,02_文本抽取库\B_机构治理与核心业务条线\B-06投资监督、合规与风险管理\TB131_公开募集证券投资基金运作管理办法\008_公开募集证券投资基金运作管理办法_01_正文页.txt,f2c2f4c8e46f1763a020044c7905f55f7429229216a52989617767b7dbd24b14
008,TB131,text,02_文本抽取库\03_证监会公募基金一般运作规则\008_公开募集证券投资基金运作管理办法\008_公开募集证券投资基金运作管理办法_02_规章库正文页.txt,02_文本抽取库\B_机构治理与核心业务条线\B-06投资监督、合规与风险管理\TB131_公开募集证券投资基金运作管理办法\008_公开募集证券投资基金运作管理办法_02_规章库正文页.txt,c1fe17d8889f0d1de48ba1b6a3e3fb55eaefffc142cf8ab90123ef68ab65e831
011,TB132,raw,01_法规原文库\03_证监会公募基金一般运作规则\011_公开募集开放式证券投资基金流动性风险管理规定\011_公开募集开放式证券投资基金流动性风险管理规定_01_正文页.html,01_法规原文库\B_机构治理与核心业务条线\B-06投资监督、合规与风险管理\TB132_公开募集开放式证券投资基金流动性风险管理规定\011_公开募集开放式证券投资基金流动性风险管理规定_01_正文页.html,55163a6afeede11bf6fe2f2ab69ece02b40e2870175f83dc2dfc19ab9e24ae88
011,TB132,raw,01_法规原文库\03_证监会公募基金一般运作规则\011_公开募集开放式证券投资基金流动性风险管理规定\011_公开募集开放式证券投资基金流动性风险管理规定_02_附件PDF.pdf,01_法规原文库\B_机构治理与核心业务条线\B-06投资监督、合规与风险管理\TB132_公开募集开放式证券投资基金流动性风险管理规定\011_公开募集开放式证券投资基金流动性风险管理规定_02_附件PDF.pdf,813558004fa2d8d6c87050ef634b49d47a8e913d99c76590f281d711554ecf93
011,TB132,text,02_文本抽取库\03_证监会公募基金一般运作规则\011_公开募集开放式证券投资基金流动性风险管理规定\011_公开募集开放式证券投资基金流动性风险管理规定_01_正文页.txt,02_文本抽取库\B_机构治理与核心业务条线\B-06投资监督、合规与风险管理\TB132_公开募集开放式证券投资基金流动性风险管理规定\011_公开募集开放式证券投资基金流动性风险管理规定_01_正文页.txt,93ae2146dddedf58d502a5224ec3656578ba1ee493d56b4fbc8018d361fb5912
011,TB132,text,02_文本抽取库\03_证监会公募基金一般运作规则\011_公开募集开放式证券投资基金流动性风险管理规定\011_公开募集开放式证券投资基金流动性风险管理规定_02_附件PDF.txt,02_文本抽取库\B_机构治理与核心业务条线\B-06投资监督、合规与风险管理\TB132_公开募集开放式证券投资基金流动性风险管理规定\011_公开募集开放式证券投资基金流动性风险管理规定_02_附件PDF.txt,31445f3f46a650837397ec11553508b6488dc88898aea1fbcc10c19a84fc83af
012,TB133,raw,01_法规原文库\03_证监会公募基金一般运作规则\012_公开募集证券投资基金侧袋机制指引（试行）\012_公开募集证券投资基金侧袋机制指引（试行）_01_正文页.html,01_法规原文库\B_机构治理与核心业务条线\B-06投资监督、合规与风险管理\TB133_公开募集证券投资基金侧袋机制指引（试行）\012_公开募集证券投资基金侧袋机制指引（试行）_01_正文页.html,fe7b50d78f78b15acf2e831f6ad89515fbfd60962dcdabf906a2a8f99af6f10d
012,TB133,raw,01_法规原文库\03_证监会公募基金一般运作规则\012_公开募集证券投资基金侧袋机制指引（试行）\012_公开募集证券投资基金侧袋机制指引（试行）_02_附件PDF.pdf,01_法规原文库\B_机构治理与核心业务条线\B-06投资监督、合规与风险管理\TB133_公开募集证券投资基金侧袋机制指引（试行）\012_公开募集证券投资基金侧袋机制指引（试行）_02_附件PDF.pdf,9b5958ffb4b1fcd1522cdfd52e8dbe5605649528e802a2a75482373fde5fb162
012,TB133,text,02_文本抽取库\03_证监会公募基金一般运作规则\012_公开募集证券投资基金侧袋机制指引（试行）\012_公开募集证券投资基金侧袋机制指引（试行）_01_正文页.txt,02_文本抽取库\B_机构治理与核心业务条线\B-06投资监督、合规与风险管理\TB133_公开募集证券投资基金侧袋机制指引（试行）\012_公开募集证券投资基金侧袋机制指引（试行）_01_正文页.txt,ed48fa0427e5bb607bd9c562797492280673912602e68ef7f2e7d079cb8a34cf
012,TB133,text,02_文本抽取库\03_证监会公募基金一般运作规则\012_公开募集证券投资基金侧袋机制指引（试行）\012_公开募集证券投资基金侧袋机制指引（试行）_02_附件PDF.txt,02_文本抽取库\B_机构治理与核心业务条线\B-06投资监督、合规与风险管理\TB133_公开募集证券投资基金侧袋机制指引（试行）\012_公开募集证券投资基金侧袋机制指引（试行）_02_附件PDF.txt,e2c166d5abe85fe31b48b69ba3a64a971855651cf32b36ea565022df903febb9
018B,TB134,raw,01_法规原文库\03_证监会公募基金一般运作规则\018B_公开募集证券投资基金证券交易费用管理规定\018B_公开募集证券投资基金证券交易费用管理规定_01_正文页.html,01_法规原文库\B_机构治理与核心业务条线\B-06投资监督、合规与风险管理\TB134_公开募集证券投资基金证券交易费用管理规定\018B_公开募集证券投资基金证券交易费用管理规定_01_正文页.html,5fb387e55f18b2aff4e37ef9c2a5484328c288fd6a12c2b6d40372464abd41da
018B,TB134,text,02_文本抽取库\03_证监会公募基金一般运作规则\018B_公开募集证券投资基金证券交易费用管理规定\018B_公开募集证券投资基金证券交易费用管理规定_01_正文页.txt,02_文本抽取库\B_机构治理与核心业务条线\B-06投资监督、合规与风险管理\TB134_公开募集证券投资基金证券交易费用管理规定\018B_公开募集证券投资基金证券交易费用管理规定_01_正文页.txt,b719be8de5ae8d7d447a2c42bf887666aff4885198a09066e3f8c70090b6455d
015,TB135,raw,01_法规原文库\03_证监会公募基金一般运作规则\015_关于基金投资非公开发行股票等流通受限证券有关问题的通知\015_关于基金投资非公开发行股票等流通受限证券有关问题的通知_01_法规库正文页.html,01_法规原文库\B_机构治理与核心业务条线\B-06投资监督、合规与风险管理\TB135_关于基金投资非公开发行股票等流通受限证券有关问题的通知\015_关于基金投资非公开发行股票等流通受限证券有关问题的通知_01_法规库正文页.html,7d34e1584ce203cd3fd6486f9507d20b0d2d752af5874876935a25b0bdb9a928
015,TB135,text,02_文本抽取库\03_证监会公募基金一般运作规则\015_关于基金投资非公开发行股票等流通受限证券有关问题的通知\015_关于基金投资非公开发行股票等流通受限证券有关问题的通知_01_法规库正文页.txt,02_文本抽取库\B_机构治理与核心业务条线\B-06投资监督、合规与风险管理\TB135_关于基金投资非公开发行股票等流通受限证券有关问题的通知\015_关于基金投资非公开发行股票等流通受限证券有关问题的通知_01_法规库正文页.txt,a3e96a607f9bc43d1b634d125176de280b22cfcc4002754d452e0f3ba9921226
016,TB136,raw,01_法规原文库\03_证监会公募基金一般运作规则\016_关于证券投资基金投资资产支持证券有关事项的通知\016_关于证券投资基金投资资产支持证券有关事项的通知_01_公报PDF.pdf,01_法规原文库\B_机构治理与核心业务条线\B-06投资监督、合规与风险管理\TB136_关于证券投资基金投资资产支持证券有关事项的通知\016_关于证券投资基金投资资产支持证券有关事项的通知_01_公报PDF.pdf,ae155718f1fa559cface342b5c4e95b590c0b3dbd1741e64e16baa7dadb41204
016,TB136,text,02_文本抽取库\03_证监会公募基金一般运作规则\016_关于证券投资基金投资资产支持证券有关事项的通知\016_关于证券投资基金投资资产支持证券有关事项的通知_01_公报PDF.txt,02_文本抽取库\B_机构治理与核心业务条线\B-06投资监督、合规与风险管理\TB136_关于证券投资基金投资资产支持证券有关事项的通知\016_关于证券投资基金投资资产支持证券有关事项的通知_01_公报PDF.txt,e3b0c44298fc1c149afbf4c8996fb92427ae41e4649b934ca495991b7852b855
017,TB137,raw,01_法规原文库\03_证监会公募基金一般运作规则\017_关于规范证券投资基金运作中证券交易行为的通知\017_关于规范证券投资基金运作中证券交易行为的通知_01_废止目录PDF.pdf,01_法规原文库\B_机构治理与核心业务条线\B-06投资监督、合规与风险管理\TB137_关于规范证券投资基金运作中证券交易行为的通知\017_关于规范证券投资基金运作中证券交易行为的通知_01_废止目录PDF.pdf,e62c31d8f3b597d4373e6cdce076e91935b66c8eea1c0710f2b6e5323edc6ffd
017,TB137,text,02_文本抽取库\03_证监会公募基金一般运作规则\017_关于规范证券投资基金运作中证券交易行为的通知\017_关于规范证券投资基金运作中证券交易行为的通知_01_废止目录PDF.txt,02_文本抽取库\B_机构治理与核心业务条线\B-06投资监督、合规与风险管理\TB137_关于规范证券投资基金运作中证券交易行为的通知\017_关于规范证券投资基金运作中证券交易行为的通知_01_废止目录PDF.txt,570c42793685887a1e9c0cfd5a6102cbb81b06ddbfc74c2d4d47805eb63b9360
018,TB138,raw,01_法规原文库\03_证监会公募基金一般运作规则\018_关于完善证券投资基金交易席位制度有关问题的通知\018_关于完善证券投资基金交易席位制度有关问题的通知_01_法规库正文页.html,01_法规原文库\B_机构治理与核心业务条线\B-06投资监督、合规与风险管理\TB138_关于完善证券投资基金交易席位制度有关问题的通知\018_关于完善证券投资基金交易席位制度有关问题的通知_01_法规库正文页.html,888cd396cdbdab5ed3cc728d8a8c00fa605bcadb9fc55e1c65ba0db590f246e0
018,TB138,text,02_文本抽取库\03_证监会公募基金一般运作规则\018_关于完善证券投资基金交易席位制度有关问题的通知\018_关于完善证券投资基金交易席位制度有关问题的通知_01_法规库正文页.txt,02_文本抽取库\B_机构治理与核心业务条线\B-06投资监督、合规与风险管理\TB138_关于完善证券投资基金交易席位制度有关问题的通知\018_关于完善证券投资基金交易席位制度有关问题的通知_01_法规库正文页.txt,02a93bb8ddea248fa32bbcb657f04c6326b4bb73968659e0aac9a080a1f613f6
009,TB148,raw,01_法规原文库\03_证监会公募基金一般运作规则\009_公开募集证券投资基金信息披露管理办法\009_公开募集证券投资基金信息披露管理办法_01_正文页.html,01_法规原文库\B_机构治理与核心业务条线\B-07报告、信息披露与数据报送\TB148_公开募集证券投资基金信息披露管理办法\009_公开募集证券投资基金信息披露管理办法_01_正文页.html,d15c4f8c59ae454b6f1633ccfb16023920fa808af29660de7aaf79236867d066
009,TB148,raw,01_法规原文库\03_证监会公募基金一般运作规则\009_公开募集证券投资基金信息披露管理办法\009_公开募集证券投资基金信息披露管理办法_02_规章库正文页.html,01_法规原文库\B_机构治理与核心业务条线\B-07报告、信息披露与数据报送\TB148_公开募集证券投资基金信息披露管理办法\009_公开募集证券投资基金信息披露管理办法_02_规章库正文页.html,b09271264b6be1c9d01ad7549ab483368d81c7f4f769d7cc1bfa52f0f1aef4cb
009,TB148,text,02_文本抽取库\03_证监会公募基金一般运作规则\009_公开募集证券投资基金信息披露管理办法\009_公开募集证券投资基金信息披露管理办法_01_正文页.txt,02_文本抽取库\B_机构治理与核心业务条线\B-07报告、信息披露与数据报送\TB148_公开募集证券投资基金信息披露管理办法\009_公开募集证券投资基金信息披露管理办法_01_正文页.txt,dff3596bf9d61929840a9ed5eece811ca4fdc9a73240244a95c761e78d9e1694
009,TB148,text,02_文本抽取库\03_证监会公募基金一般运作规则\009_公开募集证券投资基金信息披露管理办法\009_公开募集证券投资基金信息披露管理办法_02_规章库正文页.txt,02_文本抽取库\B_机构治理与核心业务条线\B-07报告、信息披露与数据报送\TB148_公开募集证券投资基金信息披露管理办法\009_公开募集证券投资基金信息披露管理办法_02_规章库正文页.txt,ca2c31008a053f10a032e6d734799e823baffa0ee77017bdd970411b35b0c69a
054A,TB152,raw,01_法规原文库\10_合同格式与辅助资料\054A_公开募集证券投资基金信息披露电子化规范\054A_公开募集证券投资基金信息披露电子化规范_01_证监会公告页.html,01_法规原文库\B_机构治理与核心业务条线\B-07报告、信息披露与数据报送\TB152_公开募集证券投资基金信息披露电子化规范\054A_公开募集证券投资基金信息披露电子化规范_01_证监会公告页.html,efd0473df60e7e468e034f9f897576e6d42270815c401b06037efb4fda31b0dd
054A,TB152,raw,01_法规原文库\10_合同格式与辅助资料\054A_公开募集证券投资基金信息披露电子化规范\054A_公开募集证券投资基金信息披露电子化规范_附件01_附件：《公开募集证券投资基金信息披露电子化规范》.pdf,01_法规原文库\B_机构治理与核心业务条线\B-07报告、信息披露与数据报送\TB152_公开募集证券投资基金信息披露电子化规范\054A_公开募集证券投资基金信息披露电子化规范_附件01_附件：《公开募集证券投资基金信息披露电子化规范》.pdf,240134fe862899899d090c71640286c5516a901780a591e1612014e4fadb2fbb
054A,TB152,text,02_文本抽取库\10_合同格式与辅助资料\054A_公开募集证券投资基金信息披露电子化规范\054A_公开募集证券投资基金信息披露电子化规范_01_证监会公告页.txt,02_文本抽取库\B_机构治理与核心业务条线\B-07报告、信息披露与数据报送\TB152_公开募集证券投资基金信息披露电子化规范\054A_公开募集证券投资基金信息披露电子化规范_01_证监会公告页.txt,241e70628a68170b677c2703b1fdcea3f6236f2458d85e7af7203a0dd4304090
054A,TB152,text,02_文本抽取库\10_合同格式与辅助资料\054A_公开募集证券投资基金信息披露电子化规范\054A_公开募集证券投资基金信息披露电子化规范_附件01_附件：《公开募集证券投资基金信息披露电子化规范》.txt,02_文本抽取库\B_机构治理与核心业务条线\B-07报告、信息披露与数据报送\TB152_公开募集证券投资基金信息披露电子化规范\054A_公开募集证券投资基金信息披露电子化规范_附件01_附件：《公开募集证券投资基金信息披露电子化规范》.txt,eab9bc5ab5fd5038a2b9b700d7f7cab4c9b4c414a7ac0d624c0093952f86e0e5
027C,TB163,raw,01_法规原文库\05_银行业监管与行业自律\027C_银行业金融机构数据治理指引\027C_银行业金融机构数据治理指引_01_监管官网正文页.html,01_法规原文库\B_机构治理与核心业务条线\B-08运营、IT与数据治理\TB163_银行业金融机构数据治理指引\027C_银行业金融机构数据治理指引_01_监管官网正文页.html,2746269444dfbb546796f82825e20d277d6f21e04a357922a03218f9a5bd14d6
027C,TB163,text,02_文本抽取库\05_银行业监管与行业自律\027C_银行业金融机构数据治理指引\027C_银行业金融机构数据治理指引_01_监管官网正文页.txt,02_文本抽取库\B_机构治理与核心业务条线\B-08运营、IT与数据治理\TB163_银行业金融机构数据治理指引\027C_银行业金融机构数据治理指引_01_监管官网正文页.txt,eb8f77bae6d2eaa889fb426ffdef5fee53ec5ae3a37d8b7aa3aa509abf261c2d
027D,TB164,raw,01_法规原文库\05_银行业监管与行业自律\027D_银行保险机构信息科技外包风险监管办法\027D_银行保险机构信息科技外包风险监管办法_01_监管官网正文页.html,01_法规原文库\B_机构治理与核心业务条线\B-08运营、IT与数据治理\TB164_银行保险机构信息科技外包风险监管办法\027D_银行保险机构信息科技外包风险监管办法_01_监管官网正文页.html,2746269444dfbb546796f82825e20d277d6f21e04a357922a03218f9a5bd14d6
027D,TB164,text,02_文本抽取库\05_银行业监管与行业自律\027D_银行保险机构信息科技外包风险监管办法\027D_银行保险机构信息科技外包风险监管办法_01_监管官网正文页.txt,02_文本抽取库\B_机构治理与核心业务条线\B-08运营、IT与数据治理\TB164_银行保险机构信息科技外包风险监管办法\027D_银行保险机构信息科技外包风险监管办法_01_监管官网正文页.txt,eb8f77bae6d2eaa889fb426ffdef5fee53ec5ae3a37d8b7aa3aa509abf261c2d
056,TB176,raw,01_法规原文库\03_证监会公募基金一般运作规则\056_公开募集证券投资基金销售机构监督管理办法\056_公开募集证券投资基金销售机构监督管理办法_01_证监会规章库正文页.html,01_法规原文库\B_机构治理与核心业务条线\B-10产品开发、销售支持与业绩比较基准\TB176_公开募集证券投资基金销售机构监督管理办法\056_公开募集证券投资基金销售机构监督管理办法_01_证监会规章库正文页.html,1f187571da414c85e5eee6f26f4e03ac40d81da4a25061899803e925dc0c6d1d
056,TB176,raw,01_法规原文库\03_证监会公募基金一般运作规则\056_公开募集证券投资基金销售机构监督管理办法\056_公开募集证券投资基金销售机构监督管理办法_02_证监会发布页.html,01_法规原文库\B_机构治理与核心业务条线\B-10产品开发、销售支持与业绩比较基准\TB176_公开募集证券投资基金销售机构监督管理办法\056_公开募集证券投资基金销售机构监督管理办法_02_证监会发布页.html,126a2195bbfe25eea5bf31011bae556427bbdff1d8c74c85b4d009480e601f32
056,TB176,raw,01_法规原文库\03_证监会公募基金一般运作规则\056_公开募集证券投资基金销售机构监督管理办法\056_公开募集证券投资基金销售机构监督管理办法_附件01_《公开募集证券投资基金销售机构监督管理办法》.pdf,01_法规原文库\B_机构治理与核心业务条线\B-10产品开发、销售支持与业绩比较基准\TB176_公开募集证券投资基金销售机构监督管理办法\056_公开募集证券投资基金销售机构监督管理办法_附件01_《公开募集证券投资基金销售机构监督管理办法》.pdf,277dd6fd98eced3edad18d9af0b3cd13dac7cd3fb18e819738282af53b878262
056,TB176,raw,01_法规原文库\03_证监会公募基金一般运作规则\056_公开募集证券投资基金销售机构监督管理办法\056_公开募集证券投资基金销售机构监督管理办法_附件02_《公开募集证券投资基金销售机构监督管理办法》及配套规则修订说明.pdf,01_法规原文库\B_机构治理与核心业务条线\B-10产品开发、销售支持与业绩比较基准\TB176_公开募集证券投资基金销售机构监督管理办法\056_公开募集证券投资基金销售机构监督管理办法_附件02_《公开募集证券投资基金销售机构监督管理办法》及配套规则修订说明.pdf,cfcbf8e27190ac36902cad65f00706abc2f3298d04abce8cadae86787d9b019f
056,TB176,text,02_文本抽取库\03_证监会公募基金一般运作规则\056_公开募集证券投资基金销售机构监督管理办法\056_公开募集证券投资基金销售机构监督管理办法_01_证监会规章库正文页.txt,02_文本抽取库\B_机构治理与核心业务条线\B-10产品开发、销售支持与业绩比较基准\TB176_公开募集证券投资基金销售机构监督管理办法\056_公开募集证券投资基金销售机构监督管理办法_01_证监会规章库正文页.txt,11d0e2a5533842ccc05138c8c01a1fd2982f1c383d462cf5c6dfc8ddfd4857f6
056,TB176,text,02_文本抽取库\03_证监会公募基金一般运作规则\056_公开募集证券投资基金销售机构监督管理办法\056_公开募集证券投资基金销售机构监督管理办法_02_证监会发布页.txt,02_文本抽取库\B_机构治理与核心业务条线\B-10产品开发、销售支持与业绩比较基准\TB176_公开募集证券投资基金销售机构监督管理办法\056_公开募集证券投资基金销售机构监督管理办法_02_证监会发布页.txt,f83e83e7d76aec7b22449f720c79d92512ebaeaed6722bdd69a993899055297f
056,TB176,text,02_文本抽取库\03_证监会公募基金一般运作规则\056_公开募集证券投资基金销售机构监督管理办法\056_公开募集证券投资基金销售机构监督管理办法_附件01_《公开募集证券投资基金销售机构监督管理办法》.txt,02_文本抽取库\B_机构治理与核心业务条线\B-10产品开发、销售支持与业绩比较基准\TB176_公开募集证券投资基金销售机构监督管理办法\056_公开募集证券投资基金销售机构监督管理办法_附件01_《公开募集证券投资基金销售机构监督管理办法》.txt,33c577392413cbfd5b1616d6949d0383f8d71d6d486bbd7cc80d5115e96c5f2f
056,TB176,text,02_文本抽取库\03_证监会公募基金一般运作规则\056_公开募集证券投资基金销售机构监督管理办法\056_公开募集证券投资基金销售机构监督管理办法_附件02_《公开募集证券投资基金销售机构监督管理办法》及配套规则修订说明.txt,02_文本抽取库\B_机构治理与核心业务条线\B-10产品开发、销售支持与业绩比较基准\TB176_公开募集证券投资基金销售机构监督管理办法\056_公开募集证券投资基金销售机构监督管理办法_附件02_《公开募集证券投资基金销售机构监督管理办法》及配套规则修订说明.txt,ae0ac7c92a0d438829baa45bec85bd7c89be2d469c04cb0798c35d17de6560d1
055,TB179,raw,01_法规原文库\03A_业绩比较基准与基金评价规则\055_公开募集证券投资基金业绩比较基准指引\055_公开募集证券投资基金业绩比较基准指引_01_证监会公告页.html,01_法规原文库\B_机构治理与核心业务条线\B-10产品开发、销售支持与业绩比较基准\TB179_公开募集证券投资基金业绩比较基准指引\055_公开募集证券投资基金业绩比较基准指引_01_证监会公告页.html,48e58191e6e5ad7f400424f06e4d9b09a769f2343b7b34cd2d99fe34282b5d30
055,TB179,raw,01_法规原文库\03A_业绩比较基准与基金评价规则\055_公开募集证券投资基金业绩比较基准指引\055_公开募集证券投资基金业绩比较基准指引_02_证监会附件PDF.pdf,01_法规原文库\B_机构治理与核心业务条线\B-10产品开发、销售支持与业绩比较基准\TB179_公开募集证券投资基金业绩比较基准指引\055_公开募集证券投资基金业绩比较基准指引_02_证监会附件PDF.pdf,8c03d793e0bf6dcceb1b4d2094fbc5ed816894d72636c116819fc90741d72086
055,TB179,text,02_文本抽取库\03A_业绩比较基准与基金评价规则\055_公开募集证券投资基金业绩比较基准指引\055_公开募集证券投资基金业绩比较基准指引_01_证监会公告页.txt,02_文本抽取库\B_机构治理与核心业务条线\B-10产品开发、销售支持与业绩比较基准\TB179_公开募集证券投资基金业绩比较基准指引\055_公开募集证券投资基金业绩比较基准指引_01_证监会公告页.txt,f5940af1766e9bc6d0761693643754d48248cb73d592235084989d981669ac0b
055,TB179,text,02_文本抽取库\03A_业绩比较基准与基金评价规则\055_公开募集证券投资基金业绩比较基准指引\055_公开募集证券投资基金业绩比较基准指引_02_证监会附件PDF.txt,02_文本抽取库\B_机构治理与核心业务条线\B-10产品开发、销售支持与业绩比较基准\TB179_公开募集证券投资基金业绩比较基准指引\055_公开募集证券投资基金业绩比较基准指引_02_证监会附件PDF.txt,b86417097e624bb82fd135110c65812555f1f8ff33cad51366eb5c7668f6e0c4
055A,TB180,raw,01_法规原文库\03A_业绩比较基准与基金评价规则\055A_公开募集证券投资基金业绩比较基准操作细则\055A_公开募集证券投资基金业绩比较基准操作细则_01_AMAC公告页.html,01_法规原文库\B_机构治理与核心业务条线\B-10产品开发、销售支持与业绩比较基准\TB180_公开募集证券投资基金业绩比较基准操作细则\055A_公开募集证券投资基金业绩比较基准操作细则_01_AMAC公告页.html,7f22254ce21d3753c9545595e53363274c23596db9956c72f113df3bae706eec
055A,TB180,raw,01_法规原文库\03A_业绩比较基准与基金评价规则\055A_公开募集证券投资基金业绩比较基准操作细则\055A_公开募集证券投资基金业绩比较基准操作细则_02_AMAC附件PDF.pdf,01_法规原文库\B_机构治理与核心业务条线\B-10产品开发、销售支持与业绩比较基准\TB180_公开募集证券投资基金业绩比较基准操作细则\055A_公开募集证券投资基金业绩比较基准操作细则_02_AMAC附件PDF.pdf,c57c4df0949053f247605d267cce37fdad43088a1c422eae2f094931fd97b9aa
055A,TB180,text,02_文本抽取库\03A_业绩比较基准与基金评价规则\055A_公开募集证券投资基金业绩比较基准操作细则\055A_公开募集证券投资基金业绩比较基准操作细则_01_AMAC公告页.txt,02_文本抽取库\B_机构治理与核心业务条线\B-10产品开发、销售支持与业绩比较基准\TB180_公开募集证券投资基金业绩比较基准操作细则\055A_公开募集证券投资基金业绩比较基准操作细则_01_AMAC公告页.txt,bbcd3213a45cb3692513851ae30fd200eb557da6fd57f42ff71a16aad5c392b9
055A,TB180,text,02_文本抽取库\03A_业绩比较基准与基金评价规则\055A_公开募集证券投资基金业绩比较基准操作细则\055A_公开募集证券投资基金业绩比较基准操作细则_02_AMAC附件PDF.txt,02_文本抽取库\B_机构治理与核心业务条线\B-10产品开发、销售支持与业绩比较基准\TB180_公开募集证券投资基金业绩比较基准操作细则\055A_公开募集证券投资基金业绩比较基准操作细则_02_AMAC附件PDF.txt,d5b182645ff9c127ba48a97d5119590f46bb4b24b1c63df05257d343dde57110
013,TB182,raw,01_法规原文库\03_证监会公募基金一般运作规则\013_公开募集证券投资基金风险准备金监督管理暂行办法\013_公开募集证券投资基金风险准备金监督管理暂行办法_01_正文页.html,01_法规原文库\C_产品专册\C-01公募基金\C-01-01基础规则\TB182_公开募集证券投资基金风险准备金监督管理暂行办法\013_公开募集证券投资基金风险准备金监督管理暂行办法_01_正文页.html,a8a9bfe21104eaee56aa74802be0ed513ba179b0212862fc5f452b976fcc2e7f
013,TB182,raw,01_法规原文库\03_证监会公募基金一般运作规则\013_公开募集证券投资基金风险准备金监督管理暂行办法\013_公开募集证券投资基金风险准备金监督管理暂行办法_02_附件PDF.pdf,01_法规原文库\C_产品专册\C-01公募基金\C-01-01基础规则\TB182_公开募集证券投资基金风险准备金监督管理暂行办法\013_公开募集证券投资基金风险准备金监督管理暂行办法_02_附件PDF.pdf,d96c24390095b9977b5c52ef370d7a9a699c9a62bd8167db0a8f49b394324c0a
013,TB182,text,02_文本抽取库\03_证监会公募基金一般运作规则\013_公开募集证券投资基金风险准备金监督管理暂行办法\013_公开募集证券投资基金风险准备金监督管理暂行办法_01_正文页.txt,02_文本抽取库\C_产品专册\C-01公募基金\C-01-01基础规则\TB182_公开募集证券投资基金风险准备金监督管理暂行办法\013_公开募集证券投资基金风险准备金监督管理暂行办法_01_正文页.txt,d99f8f2aff31b83ae155131035bd4f9402dea4d04ab59947aa55821358578d9c
013,TB182,text,02_文本抽取库\03_证监会公募基金一般运作规则\013_公开募集证券投资基金风险准备金监督管理暂行办法\013_公开募集证券投资基金风险准备金监督管理暂行办法_02_附件PDF.txt,02_文本抽取库\C_产品专册\C-01公募基金\C-01-01基础规则\TB182_公开募集证券投资基金风险准备金监督管理暂行办法\013_公开募集证券投资基金风险准备金监督管理暂行办法_02_附件PDF.txt,5b5f392e7f5577a3e17c326608b6770f836cebec2984329666c7644b212b3352
006,TB183,raw,01_法规原文库\02_行政法规与部门规章\006_基金管理公司投资管理人员管理指导意见\006_基金管理公司投资管理人员管理指导意见_01_正文页.html,01_法规原文库\C_产品专册\C-01公募基金\C-01-01基础规则\TB183_基金管理公司投资管理人员管理指导意见\006_基金管理公司投资管理人员管理指导意见_01_正文页.html,4b88664caf75243d2561f9f154a5c4f169d34043af8c154ccce769d94d8959ad
006,TB183,text,02_文本抽取库\02_行政法规与部门规章\006_基金管理公司投资管理人员管理指导意见\006_基金管理公司投资管理人员管理指导意见_01_正文页.txt,02_文本抽取库\C_产品专册\C-01公募基金\C-01-01基础规则\TB183_基金管理公司投资管理人员管理指导意见\006_基金管理公司投资管理人员管理指导意见_01_正文页.txt,1e74da063be211b334a4d5c54dfb8066527635c666458ad15eba92cf3d022fee
038,TB184,raw,01_法规原文库\06_AMAC托管运营估值清算细则\038_公募基金行业合规管理手册\038_公募基金行业合规管理手册_01_附件PDF.pdf,01_法规原文库\C_产品专册\C-01公募基金\C-01-01基础规则\TB184_公募基金行业合规管理手册\038_公募基金行业合规管理手册_01_附件PDF.pdf,23dbedec50e2e918da34c04ffea7477df7a64cf6a53920f5d61a593003800056
038,TB184,text,02_文本抽取库\06_AMAC托管运营估值清算细则\038_公募基金行业合规管理手册\038_公募基金行业合规管理手册_01_附件PDF.txt,02_文本抽取库\C_产品专册\C-01公募基金\C-01-01基础规则\TB184_公募基金行业合规管理手册\038_公募基金行业合规管理手册_01_附件PDF.txt,1892850131fada6629ae2bf25f084ea29cf2e22ae8fc57e4acddb10f68ee5bc4
041,TB185,raw,01_法规原文库\07_数据报送与人员管理\041_基金从业人员管理规则\041_基金从业人员管理规则_01_发布页.html,01_法规原文库\C_产品专册\C-01公募基金\C-01-01基础规则\TB185_基金从业人员管理规则\041_基金从业人员管理规则_01_发布页.html,df80c94d9d3b4f864c876be549fd4796a63c25dbad7c36e2a0dd5b422af8aa3c
041,TB185,raw,01_法规原文库\07_数据报送与人员管理\041_基金从业人员管理规则\041_基金从业人员管理规则_02_附件PDF.pdf,01_法规原文库\C_产品专册\C-01公募基金\C-01-01基础规则\TB185_基金从业人员管理规则\041_基金从业人员管理规则_02_附件PDF.pdf,d8f2c63c718df548ae18668c74f3ae363bd844c597cf4eed63689311108551fb
041,TB185,text,02_文本抽取库\07_数据报送与人员管理\041_基金从业人员管理规则\041_基金从业人员管理规则_01_发布页.txt,02_文本抽取库\C_产品专册\C-01公募基金\C-01-01基础规则\TB185_基金从业人员管理规则\041_基金从业人员管理规则_01_发布页.txt,49610599c29c155d8d43cec07f39375a603768a1be3721aea2cba9a4cc66cd95
041,TB185,text,02_文本抽取库\07_数据报送与人员管理\041_基金从业人员管理规则\041_基金从业人员管理规则_02_附件PDF.txt,02_文本抽取库\C_产品专册\C-01公募基金\C-01-01基础规则\TB185_基金从业人员管理规则\041_基金从业人员管理规则_02_附件PDF.txt,2a57d13f27ee7010ae2a6a337b766195ef2620667f9caba30088aa056b089ad9
052C,TB188,raw,01_法规原文库\10_合同格式与辅助资料\052C_公开募集基金募集申请注册行政许可事项服务指南\052C_公开募集基金募集申请注册行政许可事项服务指南_01_证监会服务指南页.html,01_法规原文库\C_产品专册\C-01公募基金\C-01-02合同、注册、披露文件\TB188_公开募集基金募集申请注册行政许可事项服务指南\052C_公开募集基金募集申请注册行政许可事项服务指南_01_证监会服务指南页.html,34858d4f12e56872ef8d41b9f0f1667a7054194172a6e73f418bcc0c2697d242
052C,TB188,text,02_文本抽取库\10_合同格式与辅助资料\052C_公开募集基金募集申请注册行政许可事项服务指南\052C_公开募集基金募集申请注册行政许可事项服务指南_01_证监会服务指南页.txt,02_文本抽取库\C_产品专册\C-01公募基金\C-01-02合同、注册、披露文件\TB188_公开募集基金募集申请注册行政许可事项服务指南\052C_公开募集基金募集申请注册行政许可事项服务指南_01_证监会服务指南页.txt,19494c160337fd787ea5428b78d81657c806d3e960dea3dcb12f5451ecdbd2ad
019,TB191,raw,01_法规原文库\04_公募基金产品专项规则\019_货币市场基金监督管理办法\019_货币市场基金监督管理办法_01_附件PDF.pdf,01_法规原文库\C_产品专册\C-01公募基金\C-01-03货币基金\TB191_货币市场基金监督管理办法\019_货币市场基金监督管理办法_01_附件PDF.pdf,db090b82650230262fcf1ac16937794b2136a57c6d9424ee671ae528cb84a8b1
019,TB191,text,02_文本抽取库\04_公募基金产品专项规则\019_货币市场基金监督管理办法\019_货币市场基金监督管理办法_01_附件PDF.txt,02_文本抽取库\C_产品专册\C-01公募基金\C-01-03货币基金\TB191_货币市场基金监督管理办法\019_货币市场基金监督管理办法_01_附件PDF.txt,8e8f6fa155462aa05b1c29a7084b7435ff286983327e322c8f6b17a6292fd380
022A,TB198,raw,01_法规原文库\04_公募基金产品专项规则\022A_合格境内机构投资者境外证券投资管理试行办法\022A_合格境内机构投资者境外证券投资管理试行办法_01_正文页.html,01_法规原文库\C_产品专册\C-01公募基金\C-01-05QDII、港股通、跨境公募基金\TB198_合格境内机构投资者境外证券投资管理试行办法\022A_合格境内机构投资者境外证券投资管理试行办法_01_正文页.html,785f813868bf87c428f70235a62c12ad65ec84565da44ab6f9f9d9552583d2eb
022A,TB198,raw,01_法规原文库\04_公募基金产品专项规则\022A_合格境内机构投资者境外证券投资管理试行办法\022A_合格境内机构投资者境外证券投资管理试行办法_02_正文页.html,01_法规原文库\C_产品专册\C-01公募基金\C-01-05QDII、港股通、跨境公募基金\TB198_合格境内机构投资者境外证券投资管理试行办法\022A_合格境内机构投资者境外证券投资管理试行办法_02_正文页.html,bc9e7424ae1b37cf59db6caadf7ff691e8d143ca6b30d09ca4d3d41a384751ff
022A,TB198,text,02_文本抽取库\04_公募基金产品专项规则\022A_合格境内机构投资者境外证券投资管理试行办法\022A_合格境内机构投资者境外证券投资管理试行办法_01_正文页.txt,02_文本抽取库\C_产品专册\C-01公募基金\C-01-05QDII、港股通、跨境公募基金\TB198_合格境内机构投资者境外证券投资管理试行办法\022A_合格境内机构投资者境外证券投资管理试行办法_01_正文页.txt,3eb7407c1124c39f8dfc155a67409c5941a0d42f1ab1867bfcedfa81f7f5fc55
022A,TB198,text,02_文本抽取库\04_公募基金产品专项规则\022A_合格境内机构投资者境外证券投资管理试行办法\022A_合格境内机构投资者境外证券投资管理试行办法_02_正文页.txt,02_文本抽取库\C_产品专册\C-01公募基金\C-01-05QDII、港股通、跨境公募基金\TB198_合格境内机构投资者境外证券投资管理试行办法\022A_合格境内机构投资者境外证券投资管理试行办法_02_正文页.txt,eda833a59cf9f5cbe46c410723bcb8e645657a249be419a4f4e953de74eebd44
049A,TB199,raw,01_法规原文库\09_跨境与港股通_QDII_REITs_专项\049A_合格境内机构投资者境外证券投资外汇管理规定\049A_合格境内机构投资者境外证券投资外汇管理规定_01_外汇局正文页.html,01_法规原文库\C_产品专册\C-01公募基金\C-01-05QDII、港股通、跨境公募基金\TB199_合格境内机构投资者境外证券投资外汇管理规定\049A_合格境内机构投资者境外证券投资外汇管理规定_01_外汇局正文页.html,33893ef7596c61e8d3a04cf10570af351d539e881ab93a5b7031a34249e88c5c
049A,TB199,raw,01_法规原文库\09_跨境与港股通_QDII_REITs_专项\049A_合格境内机构投资者境外证券投资外汇管理规定\049A_合格境内机构投资者境外证券投资外汇管理规定_附件01_合格境内机构投资者境外证券投资外汇管理规定.pdf,01_法规原文库\C_产品专册\C-01公募基金\C-01-05QDII、港股通、跨境公募基金\TB199_合格境内机构投资者境外证券投资外汇管理规定\049A_合格境内机构投资者境外证券投资外汇管理规定_附件01_合格境内机构投资者境外证券投资外汇管理规定.pdf,ff7af1e83776b8d800adc173528099ffb5b11b14a0b307301ce0f9220b1622ca
049A,TB199,text,02_文本抽取库\09_跨境与港股通_QDII_REITs_专项\049A_合格境内机构投资者境外证券投资外汇管理规定\049A_合格境内机构投资者境外证券投资外汇管理规定_01_外汇局正文页.txt,02_文本抽取库\C_产品专册\C-01公募基金\C-01-05QDII、港股通、跨境公募基金\TB199_合格境内机构投资者境外证券投资外汇管理规定\049A_合格境内机构投资者境外证券投资外汇管理规定_01_外汇局正文页.txt,a623ea4b2648f02344ef888e2451482f9b9d85da6c6ed885e935a141f2556f81
049A,TB199,text,02_文本抽取库\09_跨境与港股通_QDII_REITs_专项\049A_合格境内机构投资者境外证券投资外汇管理规定\049A_合格境内机构投资者境外证券投资外汇管理规定_附件01_合格境内机构投资者境外证券投资外汇管理规定.txt,02_文本抽取库\C_产品专册\C-01公募基金\C-01-05QDII、港股通、跨境公募基金\TB199_合格境内机构投资者境外证券投资外汇管理规定\049A_合格境内机构投资者境外证券投资外汇管理规定_附件01_合格境内机构投资者境外证券投资外汇管理规定.txt,0fa2a56d06ed0470e15a527694949aa730b21c106490e681201447cd067d2151
048A,TB200,raw,01_法规原文库\09_跨境与港股通_QDII_REITs_专项\048A_证券基金经营机构参与内地与香港股票市场交易互联互通指引\048A_证券基金经营机构参与内地与香港股票市场交易互联互通指引_01_证监会正文页.html,01_法规原文库\C_产品专册\C-01公募基金\C-01-05QDII、港股通、跨境公募基金\TB200_证券基金经营机构参与内地与香港股票市场交易互联互通指引\048A_证券基金经营机构参与内地与香港股票市场交易互联互通指引_01_证监会正文页.html,79f9384b78729b11fa352def19c3f9d4dad5bc6c3a23262d39bed8b2dd7979a6
048A,TB200,raw,01_法规原文库\09_跨境与港股通_QDII_REITs_专项\048A_证券基金经营机构参与内地与香港股票市场交易互联互通指引\048A_证券基金经营机构参与内地与香港股票市场交易互联互通指引_附件01_附件：证券基金经营机构参与内地与香港股票市场交易互联互通指引.pdf,01_法规原文库\C_产品专册\C-01公募基金\C-01-05QDII、港股通、跨境公募基金\TB200_证券基金经营机构参与内地与香港股票市场交易互联互通指引\048A_证券基金经营机构参与内地与香港股票市场交易互联互通指引_附件01_附件：证券基金经营机构参与内地与香港股票市场交易互联互通指引.pdf,eeea2c6efac57e1ca0920840b3fbb6a18fdbe0392a6f609302e639c82046ae81
048A,TB200,text,02_文本抽取库\09_跨境与港股通_QDII_REITs_专项\048A_证券基金经营机构参与内地与香港股票市场交易互联互通指引\048A_证券基金经营机构参与内地与香港股票市场交易互联互通指引_01_证监会正文页.txt,02_文本抽取库\C_产品专册\C-01公募基金\C-01-05QDII、港股通、跨境公募基金\TB200_证券基金经营机构参与内地与香港股票市场交易互联互通指引\048A_证券基金经营机构参与内地与香港股票市场交易互联互通指引_01_证监会正文页.txt,a46a784a74fe6ce9794e4591cdb4647293fb4ebdb8085e175063dc09012e6be1
048A,TB200,text,02_文本抽取库\09_跨境与港股通_QDII_REITs_专项\048A_证券基金经营机构参与内地与香港股票市场交易互联互通指引\048A_证券基金经营机构参与内地与香港股票市场交易互联互通指引_附件01_附件：证券基金经营机构参与内地与香港股票市场交易互联互通指引.txt,02_文本抽取库\C_产品专册\C-01公募基金\C-01-05QDII、港股通、跨境公募基金\TB200_证券基金经营机构参与内地与香港股票市场交易互联互通指引\048A_证券基金经营机构参与内地与香港股票市场交易互联互通指引_附件01_附件：证券基金经营机构参与内地与香港股票市场交易互联互通指引.txt,4c3e714fbb056c53ad2049e78d978a0d3e962b4f67fd1ceef13c67da6bb5d250
023,TB203,raw,01_法规原文库\04_公募基金产品专项规则\023_公开募集基础设施证券投资基金指引（试行）\023_公开募集基础设施证券投资基金指引（试行）_01_正文页.html,01_法规原文库\C_产品专册\C-01公募基金\C-01-06公募REITs\TB203_公开募集基础设施证券投资基金指引（试行）\023_公开募集基础设施证券投资基金指引（试行）_01_正文页.html,4c53ea43ebff29c6f1a07482701de1ba49a145486a0d88dfeb72676b4072cfcf
023,TB203,text,02_文本抽取库\04_公募基金产品专项规则\023_公开募集基础设施证券投资基金指引（试行）\023_公开募集基础设施证券投资基金指引（试行）_01_正文页.txt,02_文本抽取库\C_产品专册\C-01公募基金\C-01-06公募REITs\TB203_公开募集基础设施证券投资基金指引（试行）\023_公开募集基础设施证券投资基金指引（试行）_01_正文页.txt,6236656b94b3d856e0b30eb9e93627ce03c722ae23280cb4aede3f4d0452c114
045B,TB204,raw,01_法规原文库\09_跨境与港股通_QDII_REITs_专项\045B_上海证券交易所公开募集基础设施证券投资基金（REITs）业务办法（试行）\045B_上海证券交易所公开募集基础设施证券投资基金（REITs）业务办法（试行）_01_上交所发布页.html,01_法规原文库\C_产品专册\C-01公募基金\C-01-06公募REITs\TB204_上海证券交易所公开募集基础设施证券投资基金（REITs）业务办法（试行）\045B_上海证券交易所公开募集基础设施证券投资基金（REITs）业务办法（试行）_01_上交所发布页.html,7a80a8f016e5499ba65ce5ac1fb7b8df9bf0982f3785e175a0b07c5bedfb3a9c
045B,TB204,raw,01_法规原文库\09_跨境与港股通_QDII_REITs_专项\045B_上海证券交易所公开募集基础设施证券投资基金（REITs）业务办法（试行）\045B_上海证券交易所公开募集基础设施证券投资基金（REITs）业务办法（试行）_附件01_ä¸æµ·è¯å¸äº¤ææå¬å¼åéåºç¡è®¾æ½è¯å¸æèµåºéï¼REITsï¼ä¸å¡åæ³ï¼è¯.doc,01_法规原文库\C_产品专册\C-01公募基金\C-01-06公募REITs\TB204_上海证券交易所公开募集基础设施证券投资基金（REITs）业务办法（试行）\045B_上海证券交易所公开募集基础设施证券投资基金（REITs）业务办法（试行）_附件01_ä¸æµ·è¯å¸äº¤ææå¬å¼åéåºç¡è®¾æ½è¯å¸æèµåºéï¼REITsï¼ä¸å¡åæ³ï¼è¯.doc,a0a46d97b47e7c2014af27fca001939bc3b412fedd16af01f65cb13580c1896c
045B,TB204,text,02_文本抽取库\09_跨境与港股通_QDII_REITs_专项\045B_上海证券交易所公开募集基础设施证券投资基金（REITs）业务办法（试行）\045B_上海证券交易所公开募集基础设施证券投资基金（REITs）业务办法（试行）_01_上交所发布页.txt,02_文本抽取库\C_产品专册\C-01公募基金\C-01-06公募REITs\TB204_上海证券交易所公开募集基础设施证券投资基金（REITs）业务办法（试行）\045B_上海证券交易所公开募集基础设施证券投资基金（REITs）业务办法（试行）_01_上交所发布页.txt,d3acfcfb9e9bf7eac75de5cbee1212c03854915f9eb3407b9696f9c2900ff236
020,TB209,raw,01_法规原文库\04_公募基金产品专项规则\020_公开募集证券投资基金运作指引第2号——基金中基金指引\020_公开募集证券投资基金运作指引第2号——基金中基金指引_01_正文页.html,01_法规原文库\C_产品专册\C-01公募基金\C-01-07FOF、商品期货ETF、黄金ETF\TB209_公开募集证券投资基金运作指引第2号——基金中基金指引\020_公开募集证券投资基金运作指引第2号——基金中基金指引_01_正文页.html,58eb838fbd23af42a4e7e5a67574d1e680ba8ebd7c39cea9d462ca16090352e5
020,TB209,text,02_文本抽取库\04_公募基金产品专项规则\020_公开募集证券投资基金运作指引第2号——基金中基金指引\020_公开募集证券投资基金运作指引第2号——基金中基金指引_01_正文页.txt,02_文本抽取库\C_产品专册\C-01公募基金\C-01-07FOF、商品期货ETF、黄金ETF\TB209_公开募集证券投资基金运作指引第2号——基金中基金指引\020_公开募集证券投资基金运作指引第2号——基金中基金指引_01_正文页.txt,aaaaa5bd486f019fbf4592ec5bc73304185ea7bc71d669e57630d81f56c97e44
021,TB210,raw,01_法规原文库\04_公募基金产品专项规则\021_公开募集证券投资基金运作指引第1号——商品期货交易型开放式基金指引\021_公开募集证券投资基金运作指引第1号——商品期货交易型开放式基金指引_01_国务院公报正文页.html,01_法规原文库\C_产品专册\C-01公募基金\C-01-07FOF、商品期货ETF、黄金ETF\TB210_公开募集证券投资基金运作指引第1号——商品期货交易型开放式基金指引\021_公开募集证券投资基金运作指引第1号——商品期货交易型开放式基金指引_01_国务院公报正文页.html,2e85c331e21ff76f4328eb01c3ca8502462f3df0d9ecc114b5ef9b809c00e56f
021,TB210,text,02_文本抽取库\04_公募基金产品专项规则\021_公开募集证券投资基金运作指引第1号——商品期货交易型开放式基金指引\021_公开募集证券投资基金运作指引第1号——商品期货交易型开放式基金指引_01_国务院公报正文页.txt,02_文本抽取库\C_产品专册\C-01公募基金\C-01-07FOF、商品期货ETF、黄金ETF\TB210_公开募集证券投资基金运作指引第1号——商品期货交易型开放式基金指引\021_公开募集证券投资基金运作指引第1号——商品期货交易型开放式基金指引_01_国务院公报正文页.txt,2c9465c2ece64c42c2331d2799ae267514618cb1a24d863bc0e9ee3ad43881e8
051A,TB212,raw,01_法规原文库\09_跨境与港股通_QDII_REITs_专项\051A_公开募集证券投资基金投资信用衍生品指引\051A_公开募集证券投资基金投资信用衍生品指引_01_AMAC法规库转载.html,01_法规原文库\C_产品专册\C-01公募基金\C-01-08特殊投资品种\TB212_公开募集证券投资基金投资信用衍生品指引\051A_公开募集证券投资基金投资信用衍生品指引_01_AMAC法规库转载.html,72c692a0df5b11405396948da150286c4bb9d0656b5db0b88d11fbea6595e479
051A,TB212,text,02_文本抽取库\09_跨境与港股通_QDII_REITs_专项\051A_公开募集证券投资基金投资信用衍生品指引\051A_公开募集证券投资基金投资信用衍生品指引_01_AMAC法规库转载.txt,02_文本抽取库\C_产品专册\C-01公募基金\C-01-08特殊投资品种\TB212_公开募集证券投资基金投资信用衍生品指引\051A_公开募集证券投资基金投资信用衍生品指引_01_AMAC法规库转载.txt,1c027c97ad2c0def9a6e83c6b6d1f586e79d5f7240ad521fc4f9a9af8adc3763
025D,TB319,raw,01_法规原文库\05A_税法与公募基金增值税规则\025D_财政部税务总局关于资管产品增值税有关问题的通知\025D_财政部税务总局关于资管产品增值税有关问题的通知_01_税务总局法规库正文页.html,01_法规原文库\E_会计税务与报告披露横向库\E-02税务规则\TB319_财政部税务总局关于资管产品增值税有关问题的通知\025D_财政部税务总局关于资管产品增值税有关问题的通知_01_税务总局法规库正文页.html,a9fd2462cd51ed378882f6f98529c9eaea3f0d2de930ab3528c53fafeb083064
025D,TB319,raw,01_法规原文库\05A_税法与公募基金增值税规则\025D_财政部税务总局关于资管产品增值税有关问题的通知\025D_财政部税务总局关于资管产品增值税有关问题的通知_附件01_【下载】.html,01_法规原文库\E_会计税务与报告披露横向库\E-02税务规则\TB319_财政部税务总局关于资管产品增值税有关问题的通知\025D_财政部税务总局关于资管产品增值税有关问题的通知_附件01_【下载】.html,a9fd2462cd51ed378882f6f98529c9eaea3f0d2de930ab3528c53fafeb083064
025D,TB319,text,02_文本抽取库\05A_税法与公募基金增值税规则\025D_财政部税务总局关于资管产品增值税有关问题的通知\025D_财政部税务总局关于资管产品增值税有关问题的通知_01_税务总局法规库正文页.txt,02_文本抽取库\E_会计税务与报告披露横向库\E-02税务规则\TB319_财政部税务总局关于资管产品增值税有关问题的通知\025D_财政部税务总局关于资管产品增值税有关问题的通知_01_税务总局法规库正文页.txt,410addb6fd7873cc4d74fa84e820098dcf5f06862c9f9b34715b25c252709f76
025D,TB319,text,02_文本抽取库\05A_税法与公募基金增值税规则\025D_财政部税务总局关于资管产品增值税有关问题的通知\025D_财政部税务总局关于资管产品增值税有关问题的通知_附件01_【下载】.txt,02_文本抽取库\E_会计税务与报告披露横向库\E-02税务规则\TB319_财政部税务总局关于资管产品增值税有关问题的通知\025D_财政部税务总局关于资管产品增值税有关问题的通知_附件01_【下载】.txt,410addb6fd7873cc4d74fa84e820098dcf5f06862c9f9b34715b25c252709f76
