id,priority,category,title,layer,issuer,rule_no,publish_date,effective_date,current_status,is_core,source_type,business_tags,source_url,local_path,text_path,file_type,downloaded_count,notes,errors
001,P0,01_上位法律,中华人民共和国证券投资基金法,法律,全国人民代表大会常务委员会,,2015-04-24,2015-04-24,现行有效,是,,托管人法定职责;基金财产独立性;持有人保护,https://flk.npc.gov.cn/,01_法规原文库\01_上位法律\001_中华人民共和国证券投资基金法\001_中华人民共和国证券投资基金法_npc_detail.json; 01_法规原文库\01_上位法律\001_中华人民共和国证券投资基金法\001_中华人民共和国证券投资基金法_国家法律法规数据库.docx; 01_法规原文库\01_上位法律\001_中华人民共和国证券投资基金法\001_中华人民共和国证券投资基金法_国家法律法规数据库.pdf,02_文本抽取库\01_上位法律\001_中华人民共和国证券投资基金法\001_中华人民共和国证券投资基金法_国家法律法规数据库.txt,docx; json; pdf,3,续跑时复用已下载文件,
002,P0,01_上位法律,中华人民共和国证券法,法律,全国人民代表大会常务委员会,,,,现行有效,是,,证券交易;信息披露;市场禁止行为,https://flk.npc.gov.cn/,01_法规原文库\01_上位法律\002_中华人民共和国证券法\002_中华人民共和国证券法_npc_detail.json; 01_法规原文库\01_上位法律\002_中华人民共和国证券法\002_中华人民共和国证券法_国家法律法规数据库.docx; 01_法规原文库\01_上位法律\002_中华人民共和国证券法\002_中华人民共和国证券法_国家法律法规数据库.pdf,02_文本抽取库\01_上位法律\002_中华人民共和国证券法\002_中华人民共和国证券法_国家法律法规数据库.txt,docx; json; pdf,3,续跑时复用已下载文件,
003,P0,01_上位法律,中华人民共和国银行业监督管理法,法律,全国人民代表大会常务委员会,,,,现行有效,是,,商业银行监管;机构监管,https://flk.npc.gov.cn/,01_法规原文库\01_上位法律\003_中华人民共和国银行业监督管理法\003_中华人民共和国银行业监督管理法_npc_detail.json; 01_法规原文库\01_上位法律\003_中华人民共和国银行业监督管理法\003_中华人民共和国银行业监督管理法_国家法律法规数据库.docx; 01_法规原文库\01_上位法律\003_中华人民共和国银行业监督管理法\003_中华人民共和国银行业监督管理法_国家法律法规数据库.pdf,02_文本抽取库\01_上位法律\003_中华人民共和国银行业监督管理法\003_中华人民共和国银行业监督管理法_国家法律法规数据库.txt,docx; json; pdf,3,续跑时复用已下载文件,
004,P0,01_上位法律,中华人民共和国信托法,法律,全国人民代表大会常务委员会,,2001-04-28,2001-10-01,现行有效,是,,信托关系;受托义务;财产独立性,https://flk.npc.gov.cn/,01_法规原文库\01_上位法律\004_中华人民共和国信托法\004_中华人民共和国信托法_npc_detail.json; 01_法规原文库\01_上位法律\004_中华人民共和国信托法\004_中华人民共和国信托法_国家法律法规数据库.docx; 01_法规原文库\01_上位法律\004_中华人民共和国信托法\004_中华人民共和国信托法_国家法律法规数据库.pdf,02_文本抽取库\01_上位法律\004_中华人民共和国信托法\004_中华人民共和国信托法_国家法律法规数据库.txt,docx; json; pdf,3,续跑时复用已下载文件,
005,P0,02_行政法规与部门规章,证券投资基金托管业务管理办法,部门规章,中国证监会、原银保监会,证监会令第172号,2020-07-10,2020-07-10,现行有效,是,正文页,托管资格;托管人职责;内控;监督边界;退出机制,https://www.csrc.gov.cn/csrc/c101877/c1029534/content.shtml,01_法规原文库\02_行政法规与部门规章\005_证券投资基金托管业务管理办法\005_证券投资基金托管业务管理办法_01_正文页.html,02_文本抽取库\02_行政法规与部门规章\005_证券投资基金托管业务管理办法\005_证券投资基金托管业务管理办法_01_正文页.txt,html,1,2025年修订草案仅作辅助线索，不替代现行172号令; 续跑时复用已下载文件,
006,P1,02_行政法规与部门规章,基金管理公司投资管理人员管理指导意见,规范性文件,中国证监会,证监会公告〔2009〕3号,2009-03-17,2009-04-01,现行有效,否,正文页,人员治理;信息隔离;投资管理,https://www.csrc.gov.cn/csrc/c101877/c1029635/content.shtml,01_法规原文库\02_行政法规与部门规章\006_基金管理公司投资管理人员管理指导意见\006_基金管理公司投资管理人员管理指导意见_01_正文页.html,02_文本抽取库\02_行政法规与部门规章\006_基金管理公司投资管理人员管理指导意见\006_基金管理公司投资管理人员管理指导意见_01_正文页.txt,html,1,续跑时复用已下载文件,
007,P1,02_行政法规与部门规章,基金托管人资格核准相关行政许可服务指南,行政许可配套文件,中国证监会,,,,辅助索引,否,服务指南页,托管资格申请;行政许可,https://www.csrc.gov.cn/csrc/c101968/c4179850/content.shtml,01_法规原文库\02_行政法规与部门规章\007_基金托管人资格核准相关行政许可服务指南\007_基金托管人资格核准相关行政许可服务指南_01_服务指南页.html,02_文本抽取库\02_行政法规与部门规章\007_基金托管人资格核准相关行政许可服务指南\007_基金托管人资格核准相关行政许可服务指南_01_服务指南页.txt,html,1,辅助索引，非主规则正文; 续跑时复用已下载文件,
008,P0,03_证监会公募基金一般运作规则,公开募集证券投资基金运作管理办法,部门规章,中国证监会,证监会令第104号,2014-07-07,2014-08-08,现行有效,是,正文页;附件,募集;运作;申赎;清算;持有人大会,https://www.csrc.gov.cn/csrc/c101877/c1029566/content.shtml; https://www.csrc.gov.cn/csrc/c106256/c1653978/content.shtml,01_法规原文库\03_证监会公募基金一般运作规则\008_公开募集证券投资基金运作管理办法\008_公开募集证券投资基金运作管理办法_01_正文页.html; 01_法规原文库\03_证监会公募基金一般运作规则\008_公开募集证券投资基金运作管理办法\008_公开募集证券投资基金运作管理办法_02_规章库正文页.html,02_文本抽取库\03_证监会公募基金一般运作规则\008_公开募集证券投资基金运作管理办法\008_公开募集证券投资基金运作管理办法_01_正文页.txt; 02_文本抽取库\03_证监会公募基金一般运作规则\008_公开募集证券投资基金运作管理办法\008_公开募集证券投资基金运作管理办法_02_规章库正文页.txt,html,2,续跑时复用已下载文件,
009,P0,03_证监会公募基金一般运作规则,公开募集证券投资基金信息披露管理办法,部门规章,中国证监会,证监会令第158号,2019-07-26,2019-09-01,现行有效,是,正文页,净值披露;定期报告;临时公告;未公开信息,https://www.csrc.gov.cn/csrc/c101877/c1029542/content.shtml; https://www.csrc.gov.cn/csrc/c106256/c1653985/content.shtml,01_法规原文库\03_证监会公募基金一般运作规则\009_公开募集证券投资基金信息披露管理办法\009_公开募集证券投资基金信息披露管理办法_01_正文页.html; 01_法规原文库\03_证监会公募基金一般运作规则\009_公开募集证券投资基金信息披露管理办法\009_公开募集证券投资基金信息披露管理办法_02_规章库正文页.html,02_文本抽取库\03_证监会公募基金一般运作规则\009_公开募集证券投资基金信息披露管理办法\009_公开募集证券投资基金信息披露管理办法_01_正文页.txt; 02_文本抽取库\03_证监会公募基金一般运作规则\009_公开募集证券投资基金信息披露管理办法\009_公开募集证券投资基金信息披露管理办法_02_规章库正文页.txt,html,2,续跑时复用已下载文件,
010,P0,03_证监会公募基金一般运作规则,关于实施《公开募集证券投资基金信息披露管理办法》有关问题的规定,规范性文件,中国证监会,证监会公告〔2019〕18号,2019-07-26,2019-09-01,现行有效,是,正文页,信息披露执行;披露媒介;过渡安排,https://www.csrc.gov.cn/csrc/c101877/c1029541/content.shtml,01_法规原文库\03_证监会公募基金一般运作规则\010_关于实施《公开募集证券投资基金信息披露管理办法》有关问题的规定\010_关于实施《公开募集证券投资基金信息披露管理办法》有关问题的规定_01_正文页.html,02_文本抽取库\03_证监会公募基金一般运作规则\010_关于实施《公开募集证券投资基金信息披露管理办法》有关问题的规定\010_关于实施《公开募集证券投资基金信息披露管理办法》有关问题的规定_01_正文页.txt,html,1,续跑时复用已下载文件,
011,P0,03_证监会公募基金一般运作规则,公开募集开放式证券投资基金流动性风险管理规定,规范性文件,中国证监会,证监会公告〔2017〕12号,2017-08-31,2017-10-01,现行有效,是,正文页;附件PDF,流动性风险;巨额赎回;流动性工具;估值公允性,https://www.csrc.gov.cn/csrc/c101877/c1029552/content.shtml; https://www.csrc.gov.cn/csrc/c101877/c1029552/1029552/files/%E9%99%84%E4%BB%B6%EF%BC%9A%E3%80%8A%E5%85%AC%E5%BC%80%E5%8B%9F%E9%9B%86%E5%BC%80%E6%94%BE%E5%BC%8F%E8%AF%81%E5%88%B8%E6%8A%95%E8%B5%84%E5%9F%BA%E9%87%91%E6%B5%81%E5%8A%A8%E6%80%A7%E9%A3%8E%E9%99%A9%E7%AE%A1%E7%90%86%E8%A7%84%E5%AE%9A%E3%80%8B.pdf,01_法规原文库\03_证监会公募基金一般运作规则\011_公开募集开放式证券投资基金流动性风险管理规定\011_公开募集开放式证券投资基金流动性风险管理规定_01_正文页.html; 01_法规原文库\03_证监会公募基金一般运作规则\011_公开募集开放式证券投资基金流动性风险管理规定\011_公开募集开放式证券投资基金流动性风险管理规定_02_附件PDF.pdf,02_文本抽取库\03_证监会公募基金一般运作规则\011_公开募集开放式证券投资基金流动性风险管理规定\011_公开募集开放式证券投资基金流动性风险管理规定_01_正文页.txt; 02_文本抽取库\03_证监会公募基金一般运作规则\011_公开募集开放式证券投资基金流动性风险管理规定\011_公开募集开放式证券投资基金流动性风险管理规定_02_附件PDF.txt,html; pdf,2,续跑时复用已下载文件,
012,P0,03_证监会公募基金一般运作规则,公开募集证券投资基金侧袋机制指引（试行）,规范性文件,中国证监会,证监会公告〔2020〕41号,2020-07-10,2020-08-01,现行有效,是,正文页;附件,侧袋机制;难估值资产;费用;信披;托管人职责,https://www.csrc.gov.cn/csrc/c101877/c1029533/content.shtml,01_法规原文库\03_证监会公募基金一般运作规则\012_公开募集证券投资基金侧袋机制指引（试行）\012_公开募集证券投资基金侧袋机制指引（试行）_01_正文页.html; 01_法规原文库\03_证监会公募基金一般运作规则\012_公开募集证券投资基金侧袋机制指引（试行）\012_公开募集证券投资基金侧袋机制指引（试行）_02_附件PDF.pdf,02_文本抽取库\03_证监会公募基金一般运作规则\012_公开募集证券投资基金侧袋机制指引（试行）\012_公开募集证券投资基金侧袋机制指引（试行）_01_正文页.txt; 02_文本抽取库\03_证监会公募基金一般运作规则\012_公开募集证券投资基金侧袋机制指引（试行）\012_公开募集证券投资基金侧袋机制指引（试行）_02_附件PDF.txt,html; pdf,2,续跑时复用已下载文件,
013,P0,03_证监会公募基金一般运作规则,公开募集证券投资基金风险准备金监督管理暂行办法,部门规章,中国证监会,证监会令第94号,2013-09-24,2014-01-01,现行有效,是,正文页;附件,风险准备金;托管人计提;风险补偿,https://www.csrc.gov.cn/csrc/c101895/c1037888/content.shtml; https://www.csrc.gov.cn/csrc/c106256/c1653975/1653975/files/57b202cc56a34e5c8eb704de8dbcc1e7.pdf,01_法规原文库\03_证监会公募基金一般运作规则\013_公开募集证券投资基金风险准备金监督管理暂行办法\013_公开募集证券投资基金风险准备金监督管理暂行办法_01_正文页.html; 01_法规原文库\03_证监会公募基金一般运作规则\013_公开募集证券投资基金风险准备金监督管理暂行办法\013_公开募集证券投资基金风险准备金监督管理暂行办法_02_附件PDF.pdf,02_文本抽取库\03_证监会公募基金一般运作规则\013_公开募集证券投资基金风险准备金监督管理暂行办法\013_公开募集证券投资基金风险准备金监督管理暂行办法_01_正文页.txt; 02_文本抽取库\03_证监会公募基金一般运作规则\013_公开募集证券投资基金风险准备金监督管理暂行办法\013_公开募集证券投资基金风险准备金监督管理暂行办法_02_附件PDF.txt,html; pdf,2,续跑时复用已下载文件,
014,P0,03_证监会公募基金一般运作规则,中国证监会关于证券投资基金估值业务的指导意见,规范性文件,中国证监会,证监会公告〔2017〕13号,2017-09-05,2017-09-05,现行有效,是,正文页,估值;估值复核;公允价值;估值责任,https://www.csrc.gov.cn/csrc/c101896/c1039133/content.shtml,01_法规原文库\03_证监会公募基金一般运作规则\014_中国证监会关于证券投资基金估值业务的指导意见\014_中国证监会关于证券投资基金估值业务的指导意见_01_正文页.html,02_文本抽取库\03_证监会公募基金一般运作规则\014_中国证监会关于证券投资基金估值业务的指导意见\014_中国证监会关于证券投资基金估值业务的指导意见_01_正文页.txt,html,1,续跑时复用已下载文件,
015,P1,03_证监会公募基金一般运作规则,关于基金投资非公开发行股票等流通受限证券有关问题的通知,规范性文件,中国证监会,证监基金字〔2006〕141号,2006-07-20,2006-07-20,现行有效,是,证监会法规库正文页,流通受限证券;估值;投资限制,https://neris.csrc.gov.cn/falvfagui/rdqsHeader/mainbody?navbarId=3&secFutrsLawId=4114755b94bf47c0a515385231bfa837,01_法规原文库\03_证监会公募基金一般运作规则\015_关于基金投资非公开发行股票等流通受限证券有关问题的通知\015_关于基金投资非公开发行股票等流通受限证券有关问题的通知_01_法规库正文页.html,02_文本抽取库\03_证监会公募基金一般运作规则\015_关于基金投资非公开发行股票等流通受限证券有关问题的通知\015_关于基金投资非公开发行股票等流通受限证券有关问题的通知_01_法规库正文页.txt,html,1,续跑时复用已下载文件,
016,P1,03_证监会公募基金一般运作规则,关于证券投资基金投资资产支持证券有关事项的通知,规范性文件,中国证监会,证监基金字〔2006〕93号,2006-05-14,2006-05-14,现行有效,是,公报PDF,资产支持证券;估值;披露;风险管理,https://www.csrc.gov.cn/csrc/c100024/c1492317/1492317/files/7a2e3df6cdbc4855aba258d78ecadc1e.pdf,01_法规原文库\03_证监会公募基金一般运作规则\016_关于证券投资基金投资资产支持证券有关事项的通知\016_关于证券投资基金投资资产支持证券有关事项的通知_01_公报PDF.pdf,02_文本抽取库\03_证监会公募基金一般运作规则\016_关于证券投资基金投资资产支持证券有关事项的通知\016_关于证券投资基金投资资产支持证券有关事项的通知_01_公报PDF.txt,pdf,1,已用证监会公报PDF保存正式正文；暂未定位到法规库独立正文页，但不再作为待核验事项。; 续跑时复用已下载文件,
017,P2,03_证监会公募基金一般运作规则,关于规范证券投资基金运作中证券交易行为的通知,规范性文件,中国证监会,证监发〔2001〕29号,2001-02-26,,历史失效,否,废止目录PDF,证券交易;历史规则,https://www.csrc.gov.cn/csrc/c101950/c1047975/1047975/files/%E9%99%84%E4%BB%B62%20%E4%B8%AD%E5%9B%BD%E8%AF%81%E7%9B%91%E4%BC%9A%E5%86%B3%E5%AE%9A%E5%BA%9F%E6%AD%A2%E7%9A%84%E8%A7%84%E8%8C%83%E6%80%A7%E6%96%87%E4%BB%B6.pdf,01_法规原文库\03_证监会公募基金一般运作规则\017_关于规范证券投资基金运作中证券交易行为的通知\017_关于规范证券投资基金运作中证券交易行为的通知_01_废止目录PDF.pdf,02_文本抽取库\03_证监会公募基金一般运作规则\017_关于规范证券投资基金运作中证券交易行为的通知\017_关于规范证券投资基金运作中证券交易行为的通知_01_废止目录PDF.txt,pdf,1,证监会废止目录已列明证监发〔2001〕29号相关基金交易行为文件被废止；保留为历史线索，不作为现行依据。; 续跑时复用已下载文件,
018,P2,03_证监会公募基金一般运作规则,关于完善证券投资基金交易席位制度有关问题的通知,规范性文件,中国证监会,证监基金字〔2007〕48号,2007-02-16,2017-04-01,历史失效,否,证监会法规库正文页,交易席位;佣金分仓;托管人监督;历史规则,https://neris.csrc.gov.cn/falvfagui/rdqsHeader/mainbody?navbarId=3&secFutrsLawId=7d18bc91053442cb82fbe07fa70f99e2,01_法规原文库\03_证监会公募基金一般运作规则\018_关于完善证券投资基金交易席位制度有关问题的通知\018_关于完善证券投资基金交易席位制度有关问题的通知_01_法规库正文页.html,02_文本抽取库\03_证监会公募基金一般运作规则\018_关于完善证券投资基金交易席位制度有关问题的通知\018_关于完善证券投资基金交易席位制度有关问题的通知_01_法规库正文页.txt,html,1,证监会法规库显示已被废止；现行交易费用规则另列; 续跑时复用已下载文件,
018B,P1,03_证监会公募基金一般运作规则,公开募集证券投资基金证券交易费用管理规定,规范性文件,中国证监会,,2024-04-19,2024-07-01,现行有效,是,正文页;附件,证券交易费用;佣金;交易管理;托管监督,https://www.csrc.gov.cn/csrc/c101954/c7475004/content.shtml,01_法规原文库\03_证监会公募基金一般运作规则\018B_公开募集证券投资基金证券交易费用管理规定\018B_公开募集证券投资基金证券交易费用管理规定_01_正文页.html,02_文本抽取库\03_证监会公募基金一般运作规则\018B_公开募集证券投资基金证券交易费用管理规定\018B_公开募集证券投资基金证券交易费用管理规定_01_正文页.txt,html,1,补充现行规则，用于替代已废止交易席位制度通知; 续跑时复用已下载文件,
019,P0,04_公募基金产品专项规则,货币市场基金监督管理办法,部门规章,中国证监会、中国人民银行,证监会令第120号,2015-12-17,2016-02-01,现行有效,是,附件PDF,货币基金;偏离度;流动性;快速赎回,https://www.csrc.gov.cn/csrc/c106256/c1654015/1654015/files/52c60ebbeb5642e08f9f629bb8ed190e.pdf,01_法规原文库\04_公募基金产品专项规则\019_货币市场基金监督管理办法\019_货币市场基金监督管理办法_01_附件PDF.pdf,02_文本抽取库\04_公募基金产品专项规则\019_货币市场基金监督管理办法\019_货币市场基金监督管理办法_01_附件PDF.txt,pdf,1,续跑时复用已下载文件,
020,P0,04_公募基金产品专项规则,公开募集证券投资基金运作指引第2号——基金中基金指引,规范性文件,中国证监会,证监会公告〔2016〕20号,2016-09-11,2016-09-11,现行有效,是,正文页,FOF;投资比例;穿透;关联交易,https://www.csrc.gov.cn/csrc/c101877/c1029555/content.shtml,01_法规原文库\04_公募基金产品专项规则\020_公开募集证券投资基金运作指引第2号——基金中基金指引\020_公开募集证券投资基金运作指引第2号——基金中基金指引_01_正文页.html,02_文本抽取库\04_公募基金产品专项规则\020_公开募集证券投资基金运作指引第2号——基金中基金指引\020_公开募集证券投资基金运作指引第2号——基金中基金指引_01_正文页.txt,html,1,续跑时复用已下载文件,
021,P1,04_公募基金产品专项规则,公开募集证券投资基金运作指引第1号——商品期货交易型开放式基金指引,规范性文件,中国证监会,证监会公告〔2014〕51号,2014-12-16,2014-12-16,现行有效,是,国务院公报正文页,商品期货ETF;保证金;估值;申赎,https://www.gov.cn/gongbao/content/2015/content_2843797.htm,01_法规原文库\04_公募基金产品专项规则\021_公开募集证券投资基金运作指引第1号——商品期货交易型开放式基金指引\021_公开募集证券投资基金运作指引第1号——商品期货交易型开放式基金指引_01_国务院公报正文页.html,02_文本抽取库\04_公募基金产品专项规则\021_公开募集证券投资基金运作指引第1号——商品期货交易型开放式基金指引\021_公开募集证券投资基金运作指引第1号——商品期货交易型开放式基金指引_01_国务院公报正文页.txt,html,1,已定位国务院公报正式正文；证监会官网新闻稿只作为发布线索。; 续跑时复用已下载文件,
022A,P1,04_公募基金产品专项规则,合格境内机构投资者境外证券投资管理试行办法,部门规章,中国证监会,证监会令第46号,2007-06-18,2007-07-05,现行有效,是,规章库正文页,QDII;境外投资;境外托管;外汇;信披,https://www.csrc.gov.cn/csrc/c106256/c1653919/content.shtml; https://www.csrc.gov.cn/csrc/c101932/c1044480/content.shtml,01_法规原文库\04_公募基金产品专项规则\022A_合格境内机构投资者境外证券投资管理试行办法\022A_合格境内机构投资者境外证券投资管理试行办法_01_正文页.html; 01_法规原文库\04_公募基金产品专项规则\022A_合格境内机构投资者境外证券投资管理试行办法\022A_合格境内机构投资者境外证券投资管理试行办法_02_正文页.html,02_文本抽取库\04_公募基金产品专项规则\022A_合格境内机构投资者境外证券投资管理试行办法\022A_合格境内机构投资者境外证券投资管理试行办法_01_正文页.txt; 02_文本抽取库\04_公募基金产品专项规则\022A_合格境内机构投资者境外证券投资管理试行办法\022A_合格境内机构投资者境外证券投资管理试行办法_02_正文页.txt,html,2,续跑时复用已下载文件,
022B,P1,04_公募基金产品专项规则,关于实施《合格境内机构投资者境外证券投资管理试行办法》有关问题的通知,规范性文件,中国证监会,证监发〔2007〕81号,2007-06-18,2007-07-05,现行有效,是,地方监管局转载官方页,QDII;境外托管;投资限制;估值;信披,https://www.csrc.gov.cn/shanghai/c105564/c1270195/content.shtml,01_法规原文库\04_公募基金产品专项规则\022B_关于实施《合格境内机构投资者境外证券投资管理试行办法》有关问题的通知\022B_关于实施《合格境内机构投资者境外证券投资管理试行办法》有关问题的通知_01_地方监管局转载官方页.html,02_文本抽取库\04_公募基金产品专项规则\022B_关于实施《合格境内机构投资者境外证券投资管理试行办法》有关问题的通知\022B_关于实施《合格境内机构投资者境外证券投资管理试行办法》有关问题的通知_01_地方监管局转载官方页.txt,html,1,本轮先收上海监管局官方转载页，后续可追证监会法规库独立正文; 续跑时复用已下载文件,
023,P1,04_公募基金产品专项规则,公开募集基础设施证券投资基金指引（试行）,规范性文件,中国证监会,证监会公告〔2020〕54号,2020-08-07,2020-08-07,现行有效,是,正文页;附件,公募REITs;基础设施基金;托管;运营,https://www.csrc.gov.cn/csrc/c101877/c1029531/content.shtml,01_法规原文库\04_公募基金产品专项规则\023_公开募集基础设施证券投资基金指引（试行）\023_公开募集基础设施证券投资基金指引（试行）_01_正文页.html,02_文本抽取库\04_公募基金产品专项规则\023_公开募集基础设施证券投资基金指引（试行）\023_公开募集基础设施证券投资基金指引（试行）_01_正文页.txt,html,1,续跑时复用已下载文件,
025A,P1,05A_税法与公募基金增值税规则,中华人民共和国增值税法,法律,全国人民代表大会常务委员会,,2024-12-25,2026-01-01,现行有效,否,税务总局法规库正文页,应税交易;存款利息;免税项目;税收优惠,https://fgk.chinatax.gov.cn/zcfgk/c100009/c5237365/content.html,01_法规原文库\05A_税法与公募基金增值税规则\025A_中华人民共和国增值税法\025A_中华人民共和国增值税法_01_税务总局法规库正文页.html; 01_法规原文库\05A_税法与公募基金增值税规则\025A_中华人民共和国增值税法\025A_中华人民共和国增值税法_附件01_【下载】.html,02_文本抽取库\05A_税法与公募基金增值税规则\025A_中华人民共和国增值税法\025A_中华人民共和国增值税法_01_税务总局法规库正文页.txt; 02_文本抽取库\05A_税法与公募基金增值税规则\025A_中华人民共和国增值税法\025A_中华人民共和国增值税法_附件01_【下载】.txt,html,2,续跑时复用已下载文件,
025B,P1,05A_税法与公募基金增值税规则,中华人民共和国增值税法实施条例,行政法规,国务院,国务院令第826号,2025-12-25,2026-01-01,现行有效,否,税务总局法规库正文页,金融服务;计税;征管衔接,https://fgk.chinatax.gov.cn/zcfgk/c100010/c5246349/content.html,01_法规原文库\05A_税法与公募基金增值税规则\025B_中华人民共和国增值税法实施条例\025B_中华人民共和国增值税法实施条例_01_税务总局法规库正文页.html; 01_法规原文库\05A_税法与公募基金增值税规则\025B_中华人民共和国增值税法实施条例\025B_中华人民共和国增值税法实施条例_附件01_【下载】.html,02_文本抽取库\05A_税法与公募基金增值税规则\025B_中华人民共和国增值税法实施条例\025B_中华人民共和国增值税法实施条例_01_税务总局法规库正文页.txt; 02_文本抽取库\05A_税法与公募基金增值税规则\025B_中华人民共和国增值税法实施条例\025B_中华人民共和国增值税法实施条例_附件01_【下载】.txt,html,2,续跑时复用已下载文件,
025C,P1,05A_税法与公募基金增值税规则,财政部 税务总局关于增值税征税具体范围有关事项的公告,税收规范性文件,财政部、税务总局,财政部 税务总局公告2026年第9号,2026-01-30,2026-01-01,现行有效,否,税务总局法规库正文页,贷款服务;金融商品持有期间收益;征税范围,https://fgk.chinatax.gov.cn/zcfgk/c102416/c5247431/content.html,01_法规原文库\05A_税法与公募基金增值税规则\025C_财政部税务总局关于增值税征税具体范围有关事项的公告\025C_财政部税务总局关于增值税征税具体范围有关事项的公告_01_税务总局法规库正文页.html; 01_法规原文库\05A_税法与公募基金增值税规则\025C_财政部税务总局关于增值税征税具体范围有关事项的公告\025C_财政部税务总局关于增值税征税具体范围有关事项的公告_附件04_【下载】.html,02_文本抽取库\05A_税法与公募基金增值税规则\025C_财政部税务总局关于增值税征税具体范围有关事项的公告\025C_财政部税务总局关于增值税征税具体范围有关事项的公告_01_税务总局法规库正文页.txt; 02_文本抽取库\05A_税法与公募基金增值税规则\025C_财政部税务总局关于增值税征税具体范围有关事项的公告\025C_财政部税务总局关于增值税征税具体范围有关事项的公告_附件04_【下载】.txt,html,2,续跑时复用已下载文件,
025D,P1,05A_税法与公募基金增值税规则,财政部 税务总局关于资管产品增值税有关问题的通知,税收规范性文件,财政部、税务总局,财税〔2017〕56号,2017-06-30,2018-01-01,现行有效,否,税务总局法规库正文页,资管产品运营业务;简易计税;3%征收率;管理人范围;公募基金,https://fgk.chinatax.gov.cn/zcfgk/c102416/c5202526/content.html,01_法规原文库\05A_税法与公募基金增值税规则\025D_财政部税务总局关于资管产品增值税有关问题的通知\025D_财政部税务总局关于资管产品增值税有关问题的通知_01_税务总局法规库正文页.html; 01_法规原文库\05A_税法与公募基金增值税规则\025D_财政部税务总局关于资管产品增值税有关问题的通知\025D_财政部税务总局关于资管产品增值税有关问题的通知_附件01_【下载】.html,02_文本抽取库\05A_税法与公募基金增值税规则\025D_财政部税务总局关于资管产品增值税有关问题的通知\025D_财政部税务总局关于资管产品增值税有关问题的通知_01_税务总局法规库正文页.txt; 02_文本抽取库\05A_税法与公募基金增值税规则\025D_财政部税务总局关于资管产品增值税有关问题的通知\025D_财政部税务总局关于资管产品增值税有关问题的通知_附件01_【下载】.txt,html,2,采用税务总局政策法规库稳定正文页; 续跑时复用已下载文件,
025D1,P2,05A_税法与公募基金增值税规则,财政部 税务总局关于租入固定资产进项税额抵扣等增值税政策的通知,税收规范性文件,财政部、税务总局,财税〔2017〕90号,2017-12-25,2018-01-01,现行有效,否,税务系统官方转载,资管产品运营业务销售额;贷款服务;金融商品转让;债券估值,https://guangdong.chinatax.gov.cn/gdsw/zjfg/2018-01/05/content_3c4a8e382145466f92331abc870e4f97.shtml,01_法规原文库\05A_税法与公募基金增值税规则\025D1_财政部税务总局关于租入固定资产进项税额抵扣等增值税政策的通知\025D1_财政部税务总局关于租入固定资产进项税额抵扣等增值税政策的通知_01_税务系统官方转载.html,02_文本抽取库\05A_税法与公募基金增值税规则\025D1_财政部税务总局关于租入固定资产进项税额抵扣等增值税政策的通知\025D1_财政部税务总局关于租入固定资产进项税额抵扣等增值税政策的通知_01_税务系统官方转载.txt,html,1,作为财税〔2017〕56号配套口径保存，重点关注第五条; 续跑时复用已下载文件,
025E,P1,05A_税法与公募基金增值税规则,财政部 税务总局关于增值税法施行后增值税优惠政策衔接事项的公告,税收规范性文件,财政部、税务总局,财政部 税务总局公告2026年第10号,2026-01-30,2026-01-01,现行有效,否,税务总局法规库正文页,金融同业往来利息;同业存单;买入返售;优惠衔接,https://fgk.chinatax.gov.cn/zcfgk/c102416/c5247434/content.html,01_法规原文库\05A_税法与公募基金增值税规则\025E_财政部税务总局关于增值税法施行后增值税优惠政策衔接事项的公告\025E_财政部税务总局关于增值税法施行后增值税优惠政策衔接事项的公告_01_税务总局法规库正文页.html; 01_法规原文库\05A_税法与公募基金增值税规则\025E_财政部税务总局关于增值税法施行后增值税优惠政策衔接事项的公告\025E_财政部税务总局关于增值税法施行后增值税优惠政策衔接事项的公告_附件01_【下载】.html,02_文本抽取库\05A_税法与公募基金增值税规则\025E_财政部税务总局关于增值税法施行后增值税优惠政策衔接事项的公告\025E_财政部税务总局关于增值税法施行后增值税优惠政策衔接事项的公告_01_税务总局法规库正文页.txt; 02_文本抽取库\05A_税法与公募基金增值税规则\025E_财政部税务总局关于增值税法施行后增值税优惠政策衔接事项的公告\025E_财政部税务总局关于增值税法施行后增值税优惠政策衔接事项的公告_附件01_【下载】.txt,html,2,续跑时复用已下载文件,
025F,P1,05A_税法与公募基金增值税规则,财政部 税务总局关于国债等债券利息收入增值税政策的公告,税收规范性文件,财政部、税务总局,财政部 税务总局公告2025年第4号,2025-07-31,2025-08-08,现行有效,否,税务总局法规库正文页,债券利息收入;国债;地方政府债;金融债;税务划断,https://fgk.chinatax.gov.cn/zcfgk/c102416/c5242161/content.html,01_法规原文库\05A_税法与公募基金增值税规则\025F_财政部税务总局关于国债等债券利息收入增值税政策的公告\025F_财政部税务总局关于国债等债券利息收入增值税政策的公告_01_税务总局法规库正文页.html; 01_法规原文库\05A_税法与公募基金增值税规则\025F_财政部税务总局关于国债等债券利息收入增值税政策的公告\025F_财政部税务总局关于国债等债券利息收入增值税政策的公告_附件01_【下载】.html,02_文本抽取库\05A_税法与公募基金增值税规则\025F_财政部税务总局关于国债等债券利息收入增值税政策的公告\025F_财政部税务总局关于国债等债券利息收入增值税政策的公告_01_税务总局法规库正文页.txt; 02_文本抽取库\05A_税法与公募基金增值税规则\025F_财政部税务总局关于国债等债券利息收入增值税政策的公告\025F_财政部税务总局关于国债等债券利息收入增值税政策的公告_附件01_【下载】.txt,html,2,续跑时复用已下载文件,
025G1,P2,05A_税法与公募基金增值税规则,国家税务总局关于起征点标准等增值税征管事项的公告,税收规范性文件,国家税务总局,国家税务总局公告2026年第4号,2026-01-30,,现行有效,否,税务总局法规库正文页,征管配套;债券利息;月销售额口径,https://fgk.chinatax.gov.cn/zcfgk/c100012/c5247426/content.html,01_法规原文库\05A_税法与公募基金增值税规则\025G1_国家税务总局关于起征点标准等增值税征管事项的公告\025G1_国家税务总局关于起征点标准等增值税征管事项的公告_01_税务总局法规库正文页.html; 01_法规原文库\05A_税法与公募基金增值税规则\025G1_国家税务总局关于起征点标准等增值税征管事项的公告\025G1_国家税务总局关于起征点标准等增值税征管事项的公告_附件01_【下载】.html,02_文本抽取库\05A_税法与公募基金增值税规则\025G1_国家税务总局关于起征点标准等增值税征管事项的公告\025G1_国家税务总局关于起征点标准等增值税征管事项的公告_01_税务总局法规库正文页.txt; 02_文本抽取库\05A_税法与公募基金增值税规则\025G1_国家税务总局关于起征点标准等增值税征管事项的公告\025G1_国家税务总局关于起征点标准等增值税征管事项的公告_附件01_【下载】.txt,html,2,续跑时复用已下载文件,
025G2,P2,05A_税法与公募基金增值税规则,财政部 税务总局关于延续实施境外机构投资境内债券市场企业所得税、增值税政策的公告,税收规范性文件,财政部、税务总局,财政部 税务总局公告2026年第5号,2026-01-13,2026-01-01,现行有效,否,税务系统官方转载,QDII;跨境债券;境外机构;增值税优惠;债券利息收入,https://guangdong.chinatax.gov.cn/gdsw/zjfg/2026-01/16/content_fd12a26e977d4c5bb2bdc9066ae5e4a2.shtml,01_法规原文库\05A_税法与公募基金增值税规则\025G2_财政部税务总局关于延续实施境外机构投资境内债券市场企业所得税、增值税政策的公告\025G2_财政部税务总局关于延续实施境外机构投资境内债券市场企业所得税、增值税政策的公告_01_税务系统官方转载.html,02_文本抽取库\05A_税法与公募基金增值税规则\025G2_财政部税务总局关于延续实施境外机构投资境内债券市场企业所得税、增值税政策的公告\025G2_财政部税务总局关于延续实施境外机构投资境内债券市场企业所得税、增值税政策的公告_01_税务系统官方转载.txt,html,1,清单原广东税务线索已404，本轮改用广东税务系统官方转载页；后续可继续核对中央法规库稳定页; 续跑时复用已下载文件,
025,P0,05_银行业监管与行业自律,商业银行托管业务监督管理办法（试行）,部门规章,国家金融监督管理总局,,2025-03-21,,现行有效,是,规则页;发布说明,商业银行托管;机构监管;业务范围;内控;监督管理,https://www.nfra.gov.cn/cn/view/pages/rulesDetail.html?docId=1237183; https://www.nfra.gov.cn/cn/view/pages/ItemDetail.html?docId=1237329&itemId=917,01_法规原文库\05_银行业监管与行业自律\025_商业银行托管业务监督管理办法（试行）\025_商业银行托管业务监督管理办法（试行）_01_规则页.html; 01_法规原文库\05_银行业监管与行业自律\025_商业银行托管业务监督管理办法（试行）\025_商业银行托管业务监督管理办法（试行）_02_发布说明.html,02_文本抽取库\05_银行业监管与行业自律\025_商业银行托管业务监督管理办法（试行）\025_商业银行托管业务监督管理办法（试行）_01_规则页.txt; 02_文本抽取库\05_银行业监管与行业自律\025_商业银行托管业务监督管理办法（试行）\025_商业银行托管业务监督管理办法（试行）_02_发布说明.txt,html,2,续跑时复用已下载文件,
026,P1,05_银行业监管与行业自律,商业银行资产托管业务指引,行业自律规则,中国银行业协会,,2019-03-18,2019-03-18,现行有效,是,协会正文页,托管职责;资产保管;账户;估值核算;清算;投资监督,https://www.china-cba.net/Index/showw/catid/130/id/19843,01_法规原文库\05_银行业监管与行业自律\026_商业银行资产托管业务指引\026_商业银行资产托管业务指引_01_协会正文页.html,02_文本抽取库\05_银行业监管与行业自律\026_商业银行资产托管业务指引\026_商业银行资产托管业务指引_01_协会正文页.txt,html,1,续跑时复用已下载文件,
027,P2,05_银行业监管与行业自律,商业银行内部控制、信息科技、外包管理、数据治理等托管配套规则,配套规则组,金融监管总局、人民银行、网信办等,,,,已扩展,否,规则组索引,内控;信息科技;外包;数据治理;网络安全,,,,,0,已拆分为027A-027E，覆盖内控、信息科技、数据治理、信息科技外包、操作风险等托管配套规则。,
028,P1,06_AMAC托管运营估值清算细则,中国证券投资基金业协会——基金托管及服务栏目总入口,栏目入口,中国证券投资基金业协会,,,,失效入口,否,失效栏目页,AMAC托管;估值;清算;栏目入口,,,,,0,原AMAC基金托管及服务栏目入口返回404；已改由具体规则条目和数据报送服务指南承接，不作为待解决事项。,
029,P1,06_AMAC托管运营估值清算细则,基金托管及服务——政策法规入口,栏目入口,中国证券投资基金业协会,,,,失效入口,否,失效栏目页,AMAC政策法规;托管服务,,,,,0,原AMAC政策法规栏目入口访问不稳定；已改由具体AMAC规则正文页承接，不作为待解决事项。,
030,P1,06_AMAC托管运营估值清算细则,证券投资基金港股通投资资金清算和会计核算估值业务指引（试行）,AMAC操作细则,中国证券投资基金业协会,中基协发〔2015〕17号,2015-11-11,2015-11-11,现行有效,是,AMAC法规库页面;附件PDF,港股通;资金清算;会计核算;估值,https://fg.amac.org.cn/governmentrules_3854/zcgz_zlgz/jjtgjfw/zlgz_jjfw_gzyw/202408/t20240828_25950.html; https://www.amac.org.cn/xwfb/hydt/202106/P020231126371218718148.pdf,01_法规原文库\06_AMAC托管运营估值清算细则\030_证券投资基金港股通投资资金清算和会计核算估值业务指引（试行）\030_证券投资基金港股通投资资金清算和会计核算估值业务指引（试行）_01_附件PDF.pdf,02_文本抽取库\06_AMAC托管运营估值清算细则\030_证券投资基金港股通投资资金清算和会计核算估值业务指引（试行）\030_证券投资基金港股通投资资金清算和会计核算估值业务指引（试行）_01_附件PDF.txt,pdf,1,待入库同名PDF与既有规则重复，未新建编号；保留同一规则条目并补齐文号、发布日期和AMAC法规库页面线索。; 续跑时复用已下载文件,
031,P1,06_AMAC托管运营估值清算细则,证券投资基金参与转融通证券出借业务会计核算和估值业务指引（试行）,AMAC操作细则,中国证券投资基金业协会,中基协发〔2019〕5号,2019-06-21,2019-06-21,现行有效,是,通知页;附件PDF,转融通;证券出借;会计核算;估值,https://www.amac.org.cn/xwfb/xhyw/201912/t20191231_15878.html; https://www.amac.org.cn/xwfb/xhyw/201912/P020231126355578407513.pdf,01_法规原文库\06_AMAC托管运营估值清算细则\031_证券投资基金参与转融通证券出借业务会计核算和估值业务指引（试行）\031_证券投资基金参与转融通证券出借业务会计核算和估值业务指引（试行）_01_通知页.html; 01_法规原文库\06_AMAC托管运营估值清算细则\031_证券投资基金参与转融通证券出借业务会计核算和估值业务指引（试行）\031_证券投资基金参与转融通证券出借业务会计核算和估值业务指引（试行）_02_附件PDF.pdf,02_文本抽取库\06_AMAC托管运营估值清算细则\031_证券投资基金参与转融通证券出借业务会计核算和估值业务指引（试行）\031_证券投资基金参与转融通证券出借业务会计核算和估值业务指引（试行）_01_通知页.txt; 02_文本抽取库\06_AMAC托管运营估值清算细则\031_证券投资基金参与转融通证券出借业务会计核算和估值业务指引（试行）\031_证券投资基金参与转融通证券出借业务会计核算和估值业务指引（试行）_02_附件PDF.txt,html; pdf,2,待入库PDF与既有AMAC附件为同一规则正文，差异主要为附件编号页眉，未重复入库。; 续跑时复用已下载文件,
032,P1,06_AMAC托管运营估值清算细则,证券投资基金投资信用衍生品估值指引（试行）,AMAC估值细则,中国证券投资基金业协会,中基协发〔2019〕1号,2019-01-18,2019-01-18,现行有效,是,通知页;附件PDF,信用衍生品;估值;会计处理,https://www.amac.org.cn/businessservices_2025/trusteeshipbusiness_2912/tgfwgzglgj/tgfwtzyj/202105/t20210531_11788.html; https://www.amac.org.cn/xwfb/tzgg/201901/P020231126367143196433.pdf,01_法规原文库\06_AMAC托管运营估值清算细则\032_证券投资基金投资信用衍生品估值指引（试行）\032_证券投资基金投资信用衍生品估值指引（试行）_02_附件PDF.pdf,02_文本抽取库\06_AMAC托管运营估值清算细则\032_证券投资基金投资信用衍生品估值指引（试行）\032_证券投资基金投资信用衍生品估值指引（试行）_02_附件PDF.txt,pdf,1,续跑时复用已下载文件,
033,P1,06_AMAC托管运营估值清算细则,证券投资基金参与同业存单会计核算和估值业务指引（试行）,AMAC会计核算与估值细则,中国证券投资基金业协会,,,,现行有效,是,附件PDF,同业存单;会计核算;估值;定期报告列示,https://www.amac.org.cn/fwdt/wyb/jgdjhcpbeian/smjjglrdjhcpba/xgzc/202001/P020231126372106723208.pdf,01_法规原文库\06_AMAC托管运营估值清算细则\033_证券投资基金参与同业存单会计核算和估值业务指引（试行）\033_证券投资基金参与同业存单会计核算和估值业务指引（试行）_01_附件PDF.pdf,02_文本抽取库\06_AMAC托管运营估值清算细则\033_证券投资基金参与同业存单会计核算和估值业务指引（试行）\033_证券投资基金参与同业存单会计核算和估值业务指引（试行）_01_附件PDF.txt,pdf,1,续跑时复用已下载文件,
034,P1,06_AMAC托管运营估值清算细则,证券投资基金投资流通受限股票估值指引（试行）,AMAC估值细则,中国证券投资基金业协会,中基协发〔2017〕6号,2017-09-04,2017-09-04,现行有效,是,通知页;附件PDF,流通受限股票;估值;托管估值复核,https://fg.amac.org.cn/governmentrules_3854/zcgz_zlgz/jjtgjfw/zlgz_jjfw_gzyw/202408/t20240828_25952.html; https://www.amac.org.cn/xwfb/tzgg/201709/P020231126367070343127.pdf,01_法规原文库\06_AMAC托管运营估值清算细则\034_证券投资基金投资流通受限股票估值指引（试行）\034_证券投资基金投资流通受限股票估值指引（试行）_02_附件PDF.pdf,02_文本抽取库\06_AMAC托管运营估值清算细则\034_证券投资基金投资流通受限股票估值指引（试行）\034_证券投资基金投资流通受限股票估值指引（试行）_02_附件PDF.txt,pdf,1,续跑时复用已下载文件,
035,P1,06_AMAC托管运营估值清算细则,证券投资基金侧袋机制操作细则（试行）,AMAC操作细则,中国证券投资基金业协会,中基协发〔2020〕10号,2020-10-30,2020-10-30,现行有效,是,通知页;附件PDF;起草说明PDF,侧袋机制;份额处理;估值;运营落地,https://www.amac.org.cn/xwfb/xhyw/202010/t20201030_15950.html; https://www.amac.org.cn/xwfb/xhyw/202010/P020231126355689254901.pdf; https://www.amac.org.cn/xwfb/xhyw/202010/P020231126355690501012.pdf,01_法规原文库\06_AMAC托管运营估值清算细则\035_证券投资基金侧袋机制操作细则（试行）\035_证券投资基金侧袋机制操作细则（试行）_01_通知页.html; 01_法规原文库\06_AMAC托管运营估值清算细则\035_证券投资基金侧袋机制操作细则（试行）\035_证券投资基金侧袋机制操作细则（试行）_02_附件PDF.pdf; 01_法规原文库\06_AMAC托管运营估值清算细则\035_证券投资基金侧袋机制操作细则（试行）\035_证券投资基金侧袋机制操作细则（试行）_03_起草说明PDF.pdf,02_文本抽取库\06_AMAC托管运营估值清算细则\035_证券投资基金侧袋机制操作细则（试行）\035_证券投资基金侧袋机制操作细则（试行）_01_通知页.txt; 02_文本抽取库\06_AMAC托管运营估值清算细则\035_证券投资基金侧袋机制操作细则（试行）\035_证券投资基金侧袋机制操作细则（试行）_02_附件PDF.txt; 02_文本抽取库\06_AMAC托管运营估值清算细则\035_证券投资基金侧袋机制操作细则（试行）\035_证券投资基金侧袋机制操作细则（试行）_03_起草说明PDF.txt,html; pdf,3,起草说明仅作辅助资料，不作为现行规则正文；待入库主PDF与既有附件完全一致，未重复保存。; 续跑时复用已下载文件,
036,P1,06_AMAC托管运营估值清算细则,公开募集证券投资基金会计核算业务指引,AMAC会计核算规则,中国证券投资基金业协会,,,,未发布正式稿,否,征求意见稿线索,公募基金会计核算;账务处理,https://www.amac.org.cn/xwfb/tzgg/202011/t20201111_18356.html,01_法规原文库\06_AMAC托管运营估值清算细则\036_公开募集证券投资基金会计核算业务指引\036_公开募集证券投资基金会计核算业务指引_01_征求意见通知页.html,02_文本抽取库\06_AMAC托管运营估值清算细则\036_公开募集证券投资基金会计核算业务指引\036_公开募集证券投资基金会计核算业务指引_01_征求意见通知页.txt,html,1,仅定位到AMAC 2020年征求意见通知及附件，未确认正式实施版本；不纳入现行正式依据，后续月度巡检继续观察。; 续跑时复用已下载文件,
037,P2,06_AMAC托管运营估值清算细则,基金估值标准体系相关规则,规则组,中国证券投资基金业协会,,,,已扩展,否,规则组索引,基金估值标准;第三方估值;债券估值,,,,,0,已拆分并补入037A等估值规则；原栏目入口失效，不再作为待解决事项。,
038,P3,06_AMAC托管运营估值清算细则,公募基金行业合规管理手册,行业手册,中国证券投资基金业协会,,2025-01-22,,辅助资料,否,附件PDF,合规管理;托管运营;辅助资料,https://www.amac.org.cn/hyyj/hjtj/202005/P020250122588393150509.pdf,01_法规原文库\06_AMAC托管运营估值清算细则\038_公募基金行业合规管理手册\038_公募基金行业合规管理手册_01_附件PDF.pdf,02_文本抽取库\06_AMAC托管运营估值清算细则\038_公募基金行业合规管理手册\038_公募基金行业合规管理手册_01_附件PDF.txt,pdf,1,辅助资料，不作为强制规则; 续跑时复用已下载文件,
039,P3,06_AMAC托管运营估值清算细则,证券投资基金会计核算操作实务手册,行业手册,中国证券投资基金业协会,,2024-05-30,,辅助资料,否,附件PDF,会计核算;操作实务;辅助资料,https://www.amac.org.cn/hyyj/hjtj/202405/P020240530424712416888.pdf,01_法规原文库\06_AMAC托管运营估值清算细则\039_证券投资基金会计核算操作实务手册\039_证券投资基金会计核算操作实务手册_01_附件PDF.pdf,02_文本抽取库\06_AMAC托管运营估值清算细则\039_证券投资基金会计核算操作实务手册\039_证券投资基金会计核算操作实务手册_01_附件PDF.txt,pdf,1,手册标明仅供参考，不作为必然依据; 续跑时复用已下载文件,
040,P2,07_数据报送与人员管理,AMBERS / 公募基金业务 / 托管数据报送相关规则,业务报送规则组,中国证券投资基金业协会,,,,辅助索引,否,服务指南页,AMBERS;数据报送;报送模板,https://www.amac.org.cn/fwdt/wyb/sjbs/gmjjsjbs/fwzn/,01_法规原文库\07_数据报送与人员管理\040_AMBERS_公募基金业务_托管数据报送相关规则\040_AMBERS_公募基金业务_托管数据报送相关规则_01_栏目页.html,02_文本抽取库\07_数据报送与人员管理\040_AMBERS_公募基金业务_托管数据报送相关规则\040_AMBERS_公募基金业务_托管数据报送相关规则_01_栏目页.txt,html,1,已更新为AMAC公募基金数据报送服务指南入口；该页是报送服务指南，不作为强制性法规正文。; 续跑时复用已下载文件,
041,P0,07_数据报送与人员管理,基金从业人员管理规则,行业自律规则,中国证券投资基金业协会,,2023-11-24,,现行有效,是,发布页;附件PDF,从业人员;人员管理;职业规范,https://www.amac.org.cn/xwfb/xhyw/202311/t20231124_24119.html; https://www.amac.org.cn/xwfb/xhyw/202311/P020231126420114603815.pdf,01_法规原文库\07_数据报送与人员管理\041_基金从业人员管理规则\041_基金从业人员管理规则_01_发布页.html; 01_法规原文库\07_数据报送与人员管理\041_基金从业人员管理规则\041_基金从业人员管理规则_02_附件PDF.pdf,02_文本抽取库\07_数据报送与人员管理\041_基金从业人员管理规则\041_基金从业人员管理规则_01_发布页.txt; 02_文本抽取库\07_数据报送与人员管理\041_基金从业人员管理规则\041_基金从业人员管理规则_02_附件PDF.txt,html; pdf,2,续跑时复用已下载文件,
042,P0,07_数据报送与人员管理,关于实施《基金从业人员管理规则》有关事项的规定,配套规则,中国证券投资基金业协会,,2023-11-24,,现行有效,是,发布页;附件PDF,从业人员;实施安排;人员管理,https://www.amac.org.cn/xwfb/xhyw/202311/t20231124_24119.html; https://www.amac.org.cn/xwfb/xhyw/202311/P020231126420116567190.pdf,01_法规原文库\07_数据报送与人员管理\042_关于实施《基金从业人员管理规则》有关事项的规定\042_关于实施《基金从业人员管理规则》有关事项的规定_01_发布页.html; 01_法规原文库\07_数据报送与人员管理\042_关于实施《基金从业人员管理规则》有关事项的规定\042_关于实施《基金从业人员管理规则》有关事项的规定_02_附件PDF.pdf,02_文本抽取库\07_数据报送与人员管理\042_关于实施《基金从业人员管理规则》有关事项的规定\042_关于实施《基金从业人员管理规则》有关事项的规定_01_发布页.txt; 02_文本抽取库\07_数据报送与人员管理\042_关于实施《基金从业人员管理规则》有关事项的规定\042_关于实施《基金从业人员管理规则》有关事项的规定_02_附件PDF.txt,html; pdf,2,续跑时复用已下载文件,
043,P2,07_数据报送与人员管理,资产管理业务综合报送平台 / 公募用户 / 数据备份等配套通知,系统通知规则组,中国证券投资基金业协会,,,,辅助索引,否,操作手册入口,报送平台;数据备份;系统规则,https://www.amac.org.cn/fwdt/wyb/sjbs/zcglywsjbs/czsc/,01_法规原文库\07_数据报送与人员管理\043_资产管理业务综合报送平台_公募用户_数据备份等配套通知\043_资产管理业务综合报送平台_公募用户_数据备份等配套通知_01_操作手册入口.html,02_文本抽取库\07_数据报送与人员管理\043_资产管理业务综合报送平台_公募用户_数据备份等配套通知\043_资产管理业务综合报送平台_公募用户_数据备份等配套通知_01_操作手册入口.txt,html,1,已定位AMAC资产管理业务数据报送操作手册入口；作为系统操作资料，不作为强制性法规正文。; 续跑时复用已下载文件,
044,P2,08_交易所与登记结算基础设施规则,中国结算——基金登记结算、清算交收、账户业务规则,基础设施规则组,中国结算,,,,已扩展,否,规则组索引,登记结算;清算交收;账户;ETF;LOF;港股通,,,,,0,已拆分为044A-044B等中国结算基金登记结算规则；规则组占位不再保留官网入口或软件下载页为原文。,
045,P2,08_交易所与登记结算基础设施规则,上海证券交易所——基金业务规则,基础设施规则组,上海证券交易所,,,,已扩展,否,规则组索引,ETF;基金上市;REITs;申购赎回,,,,,0,已补入上交所ETF及REITs重点规则；规则组占位不再保留官网入口或新闻发布会附件为原文。,
046,P2,08_交易所与登记结算基础设施规则,深圳证券交易所——基金业务规则,基础设施规则组,深圳证券交易所,,,,已扩展,否,规则组索引,ETF;LOF;REITs;申购赎回,,,,,0,已补入深交所基金交易申赎及ETF风险管理规则；规则组占位不再保留官网入口为原文。,
047,P2,08_交易所与登记结算基础设施规则,银行间市场——债券、回购、同业存单、结算规则,基础设施规则组,CFETS、中债登、上清所,,,,已扩展,否,规则组索引,银行间债券;回购;同业存单;结算,,,,,0,已补入人民银行、CFETS/中债登/上清所等银行间债券登记托管结算与交易规则；规则组占位不再保留官网入口或首页随机附件为原文。,
048,P2,08_交易所与登记结算基础设施规则,港股通 / 互联互通结算规则,基础设施规则组,沪深交易所、中国结算、香港交易所,,,,已扩展,否,规则组索引,港股通;互联互通;结算,,,,,0,已补入证监会互联互通指引、沪深交易所业务办法和中国结算登记存管结算细则。,
049,P2,09_跨境与港股通_QDII_REITs_专项,QDII / 境外托管相关规则组,专项规则组,证监会、外汇局、人民银行,,,,已扩展,否,规则组索引,QDII;境外托管;外汇;跨境结算,,,,,0,已补入QDII外汇管理规定；境外托管操作层面以后续业务问题继续扩展。,
050,P2,09_跨境与港股通_QDII_REITs_专项,公募 REITs 托管相关规则组,专项规则组,证监会、沪深交易所、中国结算,,,,已扩展,否,规则组索引,公募REITs;托管;信披;运营,,,,,0,已补入沪深交易所和中国结算公募REITs配套规则。,
051,P2,09_跨境与港股通_QDII_REITs_专项,场外衍生品、信用保护工具、收益互换等估值/结算规则组,专项规则组,证监会、AMAC、交易所、银行间市场,,,,已扩展,否,规则组索引,信用衍生品;场外衍生品;估值;结算,,,,,0,已补入公募基金信用衍生品投资指引和银行间CRM规则；其他场外衍生品如收益互换不作为公募基金托管主线正式依据。,
052,P3,10_合同格式与辅助资料,基金合同、托管协议、招募说明书、产品资料概要的格式指引或范本,格式指引规则组,证监会、AMAC、交易所,,,,已扩展,否,规则组索引,基金合同;托管协议;招募说明书;产品资料概要,,,,,0,已补入招募说明书、基金合同内容与格式准则及基金募集申请服务指南；未定位到单独的公募基金托管协议强制范本。,
053,P1,10_合同格式与辅助资料,公开募集证券投资基金信息披露XBRL模板第1-5号,行业自律规则,中国证券投资基金业协会,中基协发〔2026〕6号,2026-03-13,2026-05-01,现行有效,是,AMAC公告页;附件PDF,XBRL;季度报告;净值公告;年度报告;中期报告;临时公告;产品资料概要;REITs;电子披露,https://www.amac.org.cn/xwfb/xhyw/202603/t20260313_27409.html; https://www.amac.org.cn/xwfb/xhyw/202603/P020260508338766981977.pdf; https://www.amac.org.cn/xwfb/xhyw/202603/P020260508338767050996.pdf; https://www.amac.org.cn/xwfb/xhyw/202603/P020260508338767095094.pdf; https://www.amac.org.cn/xwfb/xhyw/202603/P020260508338767123695.pdf; https://www.amac.org.cn/xwfb/xhyw/202603/P020260508338767174842.pdf; https://www.amac.org.cn/xwfb/xhyw/202603/P020260508338767235908.pdf; https://www.amac.org.cn/xwfb/xhyw/202603/P020260508338767275143.pdf,01_法规原文库\10_合同格式与辅助资料\053_公开募集证券投资基金信息披露XBRL模板第1-5号\053_公开募集证券投资基金信息披露XBRL模板第1-5号_01_AMAC公告页.html; 01_法规原文库\10_合同格式与辅助资料\053_公开募集证券投资基金信息披露XBRL模板第1-5号\053_公开募集证券投资基金信息披露XBRL模板第1-5号_02_附件1-1季度报告PDF.pdf; 01_法规原文库\10_合同格式与辅助资料\053_公开募集证券投资基金信息披露XBRL模板第1-5号\053_公开募集证券投资基金信息披露XBRL模板第1-5号_03_附件1-2季度报告REITs部分PDF.pdf; 01_法规原文库\10_合同格式与辅助资料\053_公开募集证券投资基金信息披露XBRL模板第1-5号\053_公开募集证券投资基金信息披露XBRL模板第1-5号_04_附件2净值公告PDF.pdf; 01_法规原文库\10_合同格式与辅助资料\053_公开募集证券投资基金信息披露XBRL模板第1-5号\053_公开募集证券投资基金信息披露XBRL模板第1-5号_05_附件3-1年度报告和中期报告PDF.pdf; 01_法规原文库\10_合同格式与辅助资料\053_公开募集证券投资基金信息披露XBRL模板第1-5号\053_公开募集证券投资基金信息披露XBRL模板第1-5号_06_附件3-2年度报告和中期报告REITs部分PDF.pdf; 01_法规原文库\10_合同格式与辅助资料\053_公开募集证券投资基金信息披露XBRL模板第1-5号\053_公开募集证券投资基金信息披露XBRL模板第1-5号_07_附件4基金合同生效公告及临时公告PDF.pdf; 01_法规原文库\10_合同格式与辅助资料\053_公开募集证券投资基金信息披露XBRL模板第1-5号\053_公开募集证券投资基金信息披露XBRL模板第1-5号_08_附件5基金产品资料概要PDF.pdf,02_文本抽取库\10_合同格式与辅助资料\053_公开募集证券投资基金信息披露XBRL模板第1-5号\053_公开募集证券投资基金信息披露XBRL模板第1-5号_01_AMAC公告页.txt; 02_文本抽取库\10_合同格式与辅助资料\053_公开募集证券投资基金信息披露XBRL模板第1-5号\053_公开募集证券投资基金信息披露XBRL模板第1-5号_02_附件1-1季度报告PDF.txt; 02_文本抽取库\10_合同格式与辅助资料\053_公开募集证券投资基金信息披露XBRL模板第1-5号\053_公开募集证券投资基金信息披露XBRL模板第1-5号_03_附件1-2季度报告REITs部分PDF.txt; 02_文本抽取库\10_合同格式与辅助资料\053_公开募集证券投资基金信息披露XBRL模板第1-5号\053_公开募集证券投资基金信息披露XBRL模板第1-5号_04_附件2净值公告PDF.txt; 02_文本抽取库\10_合同格式与辅助资料\053_公开募集证券投资基金信息披露XBRL模板第1-5号\053_公开募集证券投资基金信息披露XBRL模板第1-5号_05_附件3-1年度报告和中期报告PDF.txt; 02_文本抽取库\10_合同格式与辅助资料\053_公开募集证券投资基金信息披露XBRL模板第1-5号\053_公开募集证券投资基金信息披露XBRL模板第1-5号_06_附件3-2年度报告和中期报告REITs部分PDF.txt; 02_文本抽取库\10_合同格式与辅助资料\053_公开募集证券投资基金信息披露XBRL模板第1-5号\053_公开募集证券投资基金信息披露XBRL模板第1-5号_07_附件4基金合同生效公告及临时公告PDF.txt; 02_文本抽取库\10_合同格式与辅助资料\053_公开募集证券投资基金信息披露XBRL模板第1-5号\053_公开募集证券投资基金信息披露XBRL模板第1-5号_08_附件5基金产品资料概要PDF.txt,html; pdf,8,配合证监会公告〔2026〕5号定期报告准则实施，自2026-05-01起施行；旧XBRL模板第1-5号已由证监会公告〔2026〕5号废止。; 续跑时复用已下载文件,
054,P3,10_合同格式与辅助资料,中国证券投资基金电子披露网站相关规则,披露通道规则组,证监会、基金电子披露平台,,,,已扩展,否,规则组索引,电子披露;公告披露;披露通道,,,,,0,已补入公募基金信息披露电子化规范；基金电子披露网站本身作为披露渠道，不单列为强制性规则正文。,
027A,P1,05_银行业监管与行业自律,商业银行内部控制指引,银行业监管规范性文件,原中国银监会,银监发〔2014〕40号,2014-09-12,2014-09-12,现行有效,是,国务院公报正文页,商业银行内控;托管业务内控;职责分离;风险管理;内部审计,https://www.gov.cn/gongbao/content/2015/content_2821645.htm,01_法规原文库\05_银行业监管与行业自律\027A_商业银行内部控制指引\027A_商业银行内部控制指引_01_国务院公报正文页.html,02_文本抽取库\05_银行业监管与行业自律\027A_商业银行内部控制指引\027A_商业银行内部控制指引_01_国务院公报正文页.txt,html,1,商业银行托管业务内控体系的通用监管底座。; 续跑时复用已下载文件,
027B,P2,05_银行业监管与行业自律,商业银行信息科技风险管理指引,银行业监管规范性文件,原中国银监会,银监发〔2009〕19号,2009-03-03,2009-03-03,现行有效,否,地方政府官方转载;继续有效目录,信息科技风险;系统安全;业务连续性;访问控制;托管运营系统,https://fgw.sh.gov.cn/ys-hqjrfw-1.3.1.2/20240820/259eee9aff3e423e8b2d8a8613308189.html; https://www.nfra.gov.cn/chinese/files/2018/AB54BE9578F54F52872737F60D80CF5B.pdf,01_法规原文库\05_银行业监管与行业自律\027B_商业银行信息科技风险管理指引\027B_商业银行信息科技风险管理指引_01_地方政府官方转载.html; 01_法规原文库\05_银行业监管与行业自律\027B_商业银行信息科技风险管理指引\027B_商业银行信息科技风险管理指引_02_继续有效目录PDF.pdf,02_文本抽取库\05_银行业监管与行业自律\027B_商业银行信息科技风险管理指引\027B_商业银行信息科技风险管理指引_01_地方政府官方转载.txt; 02_文本抽取库\05_银行业监管与行业自律\027B_商业银行信息科技风险管理指引\027B_商业银行信息科技风险管理指引_02_继续有效目录PDF.txt,html; pdf,2,未定位到金融监管总局独立正文页；以地方政府官方转载正文并结合银监会继续有效文件目录留存，使用时宜再次核验现行性。; 续跑时复用已下载文件,
027C,P1,05_银行业监管与行业自律,银行业金融机构数据治理指引,银行业监管规范性文件,原中国银保监会,银保监发〔2018〕22号,2018-05-21,2018-05-21,现行有效,否,监管官网正文页,数据治理;数据质量;监管报送;托管数据;个人信息,https://www.nfra.gov.cn/cn/view/pages/ItemDetail.html?docId=179901,01_法规原文库\05_银行业监管与行业自律\027C_银行业金融机构数据治理指引\027C_银行业金融机构数据治理指引_01_监管官网正文页.html,02_文本抽取库\05_银行业监管与行业自律\027C_银行业金融机构数据治理指引\027C_银行业金融机构数据治理指引_01_监管官网正文页.txt,html,1,续跑时复用已下载文件,
027D,P1,05_银行业监管与行业自律,银行保险机构信息科技外包风险监管办法,银行业监管规范性文件,原中国银保监会办公厅,银保监办发〔2021〕141号,2021-12-30,2021-12-30,现行有效,否,监管官网正文页,信息科技外包;外包风险;集中度风险;托管系统外包;数据安全,https://www.nfra.gov.cn/cn/view/pages/ItemDetail.html?docId=1029035&generaltype=0&itemId=928,01_法规原文库\05_银行业监管与行业自律\027D_银行保险机构信息科技外包风险监管办法\027D_银行保险机构信息科技外包风险监管办法_01_监管官网正文页.html,02_文本抽取库\05_银行业监管与行业自律\027D_银行保险机构信息科技外包风险监管办法\027D_银行保险机构信息科技外包风险监管办法_01_监管官网正文页.txt,html,1,续跑时复用已下载文件,
027E,P1,05_银行业监管与行业自律,银行保险机构操作风险管理办法,部门规章,国家金融监督管理总局,国家金融监督管理总局令2023年第5号,2023-12-27,2024-07-01,现行有效,否,监管官网规则页,操作风险;流程控制;员工行为;信息科技系统;托管运营风险,https://www.nfra.gov.cn/cn/view/pages/rulesDetail.html?docId=1144382,01_法规原文库\05_银行业监管与行业自律\027E_银行保险机构操作风险管理办法\027E_银行保险机构操作风险管理办法_01_监管官网规则页.html,02_文本抽取库\05_银行业监管与行业自律\027E_银行保险机构操作风险管理办法\027E_银行保险机构操作风险管理办法_01_监管官网规则页.txt,html,1,续跑时复用已下载文件,
037A,P1,06_AMAC托管运营估值清算细则,基金中基金估值业务指引（试行）,AMAC估值细则,中国证券投资基金业协会,,2017-05-04,2017-05-04,现行有效,是,AMAC官网附件PDF,FOF;估值;会计核算;托管估值复核,https://www.amac.org.cn/xwfb/hydt/202105/P020231126371221935540.pdf,01_法规原文库\06_AMAC托管运营估值清算细则\037A_基金中基金估值业务指引（试行）\037A_基金中基金估值业务指引（试行）_01_AMAC官网附件PDF.pdf,02_文本抽取库\06_AMAC托管运营估值清算细则\037A_基金中基金估值业务指引（试行）\037A_基金中基金估值业务指引（试行）_01_AMAC官网附件PDF.txt,pdf,1,AMAC法规库旧正文页本地抓取偶发TLS超时；本轮改用协会官网同一发布通知下的附件PDF保存正式文本。; 续跑时复用已下载文件,
044A,P1,08_交易所与登记结算基础设施规则,中国证券登记结算有限责任公司关于交易所交易型开放式证券投资基金登记结算业务实施细则,基础设施业务规则,中国证券登记结算有限责任公司,,2020-01-17,2020-01-17,现行有效,是,中国结算发布页,ETF;登记结算;清算交收;申购赎回;托管结算,https://www.chinaclear.cn/zdjs/zzbdc/202001/d2e5214900424b2e87d470be660c2865.shtml,01_法规原文库\08_交易所与登记结算基础设施规则\044A_中国证券登记结算有限责任公司关于交易所交易型开放式证券投资基金登记结算业务实施细则\044A_中国证券登记结算有限责任公司关于交易所交易型开放式证券投资基金登记结算业务实施细则_01_中国结算发布页.html; 01_法规原文库\08_交易所与登记结算基础设施规则\044A_中国证券登记结算有限责任公司关于交易所交易型开放式证券投资基金登记结算业务实施细则\044A_中国证券登记结算有限责任公司关于交易所交易型开放式证券投资基金登记结算业务实施细则_附件01_中国证券登记结算有限责任公司关于交易所交易型开放式证券投资基金登记结算业务实施细则.pdf,02_文本抽取库\08_交易所与登记结算基础设施规则\044A_中国证券登记结算有限责任公司关于交易所交易型开放式证券投资基金登记结算业务实施细则\044A_中国证券登记结算有限责任公司关于交易所交易型开放式证券投资基金登记结算业务实施细则_01_中国结算发布页.txt; 02_文本抽取库\08_交易所与登记结算基础设施规则\044A_中国证券登记结算有限责任公司关于交易所交易型开放式证券投资基金登记结算业务实施细则\044A_中国证券登记结算有限责任公司关于交易所交易型开放式证券投资基金登记结算业务实施细则_附件01_中国证券登记结算有限责任公司关于交易所交易型开放式证券投资基金登记结算业务实施细则.txt,html; pdf,2,续跑时复用已下载文件,
044B,P2,08_交易所与登记结算基础设施规则,中国证券登记结算有限责任公司上市开放式基金登记结算业务指引,基础设施业务规则,中国证券登记结算有限责任公司,,2024-11-29,2024-11-29,现行有效,否,附件PDF,LOF;登记结算;场内场外;资金结算,https://www.chinaclear.cn/zdjs/kftzgg/202411/909e16e2878a47b38b9fad9c17b04fc8/files/%E4%B8%AD%E5%9B%BD%E8%AF%81%E5%88%B8%E7%99%BB%E8%AE%B0%E7%BB%93%E7%AE%97%E6%9C%89%E9%99%90%E8%B4%A3%E4%BB%BB%E5%85%AC%E5%8F%B8%E4%B8%8A%E5%B8%82%E5%BC%80%E6%94%BE%E5%BC%8F%E5%9F%BA%E9%87%91%E7%99%BB%E8%AE%B0%E7%BB%93%E7%AE%97%E4%B8%9A%E5%8A%A1%E6%8C%87%E5%BC%95-20241129164929221.pdf,01_法规原文库\08_交易所与登记结算基础设施规则\044B_中国证券登记结算有限责任公司上市开放式基金登记结算业务指引\044B_中国证券登记结算有限责任公司上市开放式基金登记结算业务指引_01_附件PDF.pdf,02_文本抽取库\08_交易所与登记结算基础设施规则\044B_中国证券登记结算有限责任公司上市开放式基金登记结算业务指引\044B_中国证券登记结算有限责任公司上市开放式基金登记结算业务指引_01_附件PDF.txt,pdf,1,续跑时复用已下载文件,
045A,P1,08_交易所与登记结算基础设施规则,上海证券交易所交易型开放式指数基金业务实施细则,交易所业务规则,上海证券交易所,,2020-12-04,2020-12-28,现行有效,是,上交所规则页,ETF;申购赎回;上市交易;交易所基金,https://www.sse.com.cn/lawandrules/sselawsrules2025/fund/trading/c/c_20250606_10781071.shtml,01_法规原文库\08_交易所与登记结算基础设施规则\045A_上海证券交易所交易型开放式指数基金业务实施细则\045A_上海证券交易所交易型开放式指数基金业务实施细则_01_上交所规则页.html,02_文本抽取库\08_交易所与登记结算基础设施规则\045A_上海证券交易所交易型开放式指数基金业务实施细则\045A_上海证券交易所交易型开放式指数基金业务实施细则_01_上交所规则页.txt,html,1,续跑时复用已下载文件,
045B,P1,09_跨境与港股通_QDII_REITs_专项,上海证券交易所公开募集基础设施证券投资基金（REITs）业务办法（试行）,交易所业务规则,上海证券交易所,上证发〔2021〕9号,2021-01-29,2021-01-29,现行有效,是,上交所发布页;附件DOC,公募REITs;上市审核;发售认购;上市交易;信息披露,https://www.sse.com.cn/reits/regulation/rules/c/c_20210129_5314426.shtml,01_法规原文库\09_跨境与港股通_QDII_REITs_专项\045B_上海证券交易所公开募集基础设施证券投资基金（REITs）业务办法（试行）\045B_上海证券交易所公开募集基础设施证券投资基金（REITs）业务办法（试行）_01_上交所发布页.html; 01_法规原文库\09_跨境与港股通_QDII_REITs_专项\045B_上海证券交易所公开募集基础设施证券投资基金（REITs）业务办法（试行）\045B_上海证券交易所公开募集基础设施证券投资基金（REITs）业务办法（试行）_附件01_ä¸æµ·è¯å¸äº¤ææå¬å¼åéåºç¡è®¾æ½è¯å¸æèµåºéï¼REITsï¼ä¸å¡åæ³ï¼è¯.doc,02_文本抽取库\09_跨境与港股通_QDII_REITs_专项\045B_上海证券交易所公开募集基础设施证券投资基金（REITs）业务办法（试行）\045B_上海证券交易所公开募集基础设施证券投资基金（REITs）业务办法（试行）_01_上交所发布页.txt,doc; html,2,续跑时复用已下载文件,
046A,P1,08_交易所与登记结算基础设施规则,深圳证券交易所证券投资基金交易和申购赎回实施细则（2022年修订）,交易所业务规则,深圳证券交易所,深证上〔2022〕559号,2022-06-10,2022-06-10,现行有效,是,深交所发布页,基金交易;申购赎回;ETF;LOF;清算交收,https://www.szse.cn/www/lawrules/rule/fund/t20220610_593780.html,01_法规原文库\08_交易所与登记结算基础设施规则\046A_深圳证券交易所证券投资基金交易和申购赎回实施细则（2022年修订）\046A_深圳证券交易所证券投资基金交易和申购赎回实施细则（2022年修订）_01_深交所发布页.html; 01_法规原文库\08_交易所与登记结算基础设施规则\046A_深圳证券交易所证券投资基金交易和申购赎回实施细则（2022年修订）\046A_深圳证券交易所证券投资基金交易和申购赎回实施细则（2022年修订）_附件01_深圳证券交易所证券投资基金交易和申购赎回实施细则（2022年修订）.pdf; 01_法规原文库\08_交易所与登记结算基础设施规则\046A_深圳证券交易所证券投资基金交易和申购赎回实施细则（2022年修订）\046A_深圳证券交易所证券投资基金交易和申购赎回实施细则（2022年修订）_附件02_《深圳证券交易所证券投资基金交易和申购赎回实施细则（2022年修订）》修订条文对照表.pdf,02_文本抽取库\08_交易所与登记结算基础设施规则\046A_深圳证券交易所证券投资基金交易和申购赎回实施细则（2022年修订）\046A_深圳证券交易所证券投资基金交易和申购赎回实施细则（2022年修订）_01_深交所发布页.txt; 02_文本抽取库\08_交易所与登记结算基础设施规则\046A_深圳证券交易所证券投资基金交易和申购赎回实施细则（2022年修订）\046A_深圳证券交易所证券投资基金交易和申购赎回实施细则（2022年修订）_附件01_深圳证券交易所证券投资基金交易和申购赎回实施细则（2022年修订）.txt; 02_文本抽取库\08_交易所与登记结算基础设施规则\046A_深圳证券交易所证券投资基金交易和申购赎回实施细则（2022年修订）\046A_深圳证券交易所证券投资基金交易和申购赎回实施细则（2022年修订）_附件02_《深圳证券交易所证券投资基金交易和申购赎回实施细则（2022年修订）》修订条文对照表.txt,html; pdf,3,续跑时复用已下载文件,
046B,P2,08_交易所与登记结算基础设施规则,深圳证券交易所证券投资基金业务指引第4号——交易型开放式基金风险管理,交易所业务规则,深圳证券交易所,深证会〔2025〕231号,2025-07-04,2025-08-01,现行有效,否,深交所发布页,ETF;风险管理;基金管理人;会员;系统控制,https://www.szse.cn/www/lawrules/rule/fund/t20250704_614738.html,01_法规原文库\08_交易所与登记结算基础设施规则\046B_深圳证券交易所证券投资基金业务指引第4号——交易型开放式基金风险管理\046B_深圳证券交易所证券投资基金业务指引第4号——交易型开放式基金风险管理_01_深交所发布页.html; 01_法规原文库\08_交易所与登记结算基础设施规则\046B_深圳证券交易所证券投资基金业务指引第4号——交易型开放式基金风险管理\046B_深圳证券交易所证券投资基金业务指引第4号——交易型开放式基金风险管理_附件01_深圳证券交易所证券投资基金业务指引第4号——交易型开放式基金风险管理.pdf; 01_法规原文库\08_交易所与登记结算基础设施规则\046B_深圳证券交易所证券投资基金业务指引第4号——交易型开放式基金风险管理\046B_深圳证券交易所证券投资基金业务指引第4号——交易型开放式基金风险管理_附件02_《深圳证券交易所证券投资基金业务指引第4号——交易型开放式基金风险管理》修订说明.pdf,02_文本抽取库\08_交易所与登记结算基础设施规则\046B_深圳证券交易所证券投资基金业务指引第4号——交易型开放式基金风险管理\046B_深圳证券交易所证券投资基金业务指引第4号——交易型开放式基金风险管理_01_深交所发布页.txt; 02_文本抽取库\08_交易所与登记结算基础设施规则\046B_深圳证券交易所证券投资基金业务指引第4号——交易型开放式基金风险管理\046B_深圳证券交易所证券投资基金业务指引第4号——交易型开放式基金风险管理_附件01_深圳证券交易所证券投资基金业务指引第4号——交易型开放式基金风险管理.txt; 02_文本抽取库\08_交易所与登记结算基础设施规则\046B_深圳证券交易所证券投资基金业务指引第4号——交易型开放式基金风险管理\046B_深圳证券交易所证券投资基金业务指引第4号——交易型开放式基金风险管理_附件02_《深圳证券交易所证券投资基金业务指引第4号——交易型开放式基金风险管理》修订说明.txt,html; pdf,3,续跑时复用已下载文件,
047A,P1,08_交易所与登记结算基础设施规则,银行间债券市场债券登记托管结算管理办法,部门规章,中国人民银行,中国人民银行令〔2009〕第1号,2009-03-26,2009-05-04,现行有效,是,人民银行正文页,银行间债券;登记托管;债券结算;中央结算公司;托管账户,https://www.pbc.gov.cn/jinrongshichangsi/147160/147358/147400/2888296/index.html,01_法规原文库\08_交易所与登记结算基础设施规则\047A_银行间债券市场债券登记托管结算管理办法\047A_银行间债券市场债券登记托管结算管理办法_01_人民银行正文页.html,02_文本抽取库\08_交易所与登记结算基础设施规则\047A_银行间债券市场债券登记托管结算管理办法\047A_银行间债券市场债券登记托管结算管理办法_01_人民银行正文页.txt,html,1,续跑时复用已下载文件,
047B,P1,08_交易所与登记结算基础设施规则,全国银行间债券市场债券交易管理办法,部门规章,中国人民银行,中国人民银行令〔2000〕第2号,2000-04-30,2000-04-30,现行有效,是,人民银行正文页,银行间债券;现券买卖;回购;交易结算;结算代理,https://www.pbc.gov.cn/eportal/fileDir/rhwg/000502f.htm,01_法规原文库\08_交易所与登记结算基础设施规则\047B_全国银行间债券市场债券交易管理办法\047B_全国银行间债券市场债券交易管理办法_01_人民银行正文页.html,02_文本抽取库\08_交易所与登记结算基础设施规则\047B_全国银行间债券市场债券交易管理办法\047B_全国银行间债券市场债券交易管理办法_01_人民银行正文页.txt,html,1,续跑时复用已下载文件,
047C,P2,08_交易所与登记结算基础设施规则,银行间市场清算所股份有限公司债券登记托管、清算结算业务规则,基础设施业务规则,银行间市场清算所股份有限公司,清算所公告〔2014〕13号,2014-09-01,2014-09-01,现行有效,否,上清所发布页,上清所;债券登记托管;清算结算;银行间市场,https://www.shclearing.com.cn/cpyyw/ywgz/202107/t20210713_898125.html,01_法规原文库\08_交易所与登记结算基础设施规则\047C_银行间市场清算所股份有限公司债券登记托管、清算结算业务规则\047C_银行间市场清算所股份有限公司债券登记托管、清算结算业务规则_01_上清所发布页.html,02_文本抽取库\08_交易所与登记结算基础设施规则\047C_银行间市场清算所股份有限公司债券登记托管、清算结算业务规则\047C_银行间市场清算所股份有限公司债券登记托管、清算结算业务规则_01_上清所发布页.txt,html,1,续跑时复用已下载文件,
048A,P1,09_跨境与港股通_QDII_REITs_专项,证券基金经营机构参与内地与香港股票市场交易互联互通指引,规范性文件,中国证监会,证监会公告〔2016〕24号,2016-10-11,2016-10-11,现行有效,是,证监会正文页;附件PDF,港股通;互联互通;公募基金管理人;运营风险;投资者保护,https://www.csrc.gov.cn/csrc/c101932/c1044477/content.shtml,01_法规原文库\09_跨境与港股通_QDII_REITs_专项\048A_证券基金经营机构参与内地与香港股票市场交易互联互通指引\048A_证券基金经营机构参与内地与香港股票市场交易互联互通指引_01_证监会正文页.html; 01_法规原文库\09_跨境与港股通_QDII_REITs_专项\048A_证券基金经营机构参与内地与香港股票市场交易互联互通指引\048A_证券基金经营机构参与内地与香港股票市场交易互联互通指引_附件01_附件：证券基金经营机构参与内地与香港股票市场交易互联互通指引.pdf,02_文本抽取库\09_跨境与港股通_QDII_REITs_专项\048A_证券基金经营机构参与内地与香港股票市场交易互联互通指引\048A_证券基金经营机构参与内地与香港股票市场交易互联互通指引_01_证监会正文页.txt; 02_文本抽取库\09_跨境与港股通_QDII_REITs_专项\048A_证券基金经营机构参与内地与香港股票市场交易互联互通指引\048A_证券基金经营机构参与内地与香港股票市场交易互联互通指引_附件01_附件：证券基金经营机构参与内地与香港股票市场交易互联互通指引.txt,html; pdf,2,该指引废止并替代原《公开募集证券投资基金参与沪港通交易指引》。; 续跑时复用已下载文件,
048B,P2,09_跨境与港股通_QDII_REITs_专项,上海证券交易所沪港通业务实施办法（2024年修订）,交易所业务规则,上海证券交易所,上证发〔2024〕76号,2024-06-14,2024-06-14,现行有效,否,上交所规则库正文页;附件DOCX,沪港通;港股通;ETF互联互通;交易规则,https://www.sse.com.cn/lawandrules/sselawsrules2025/global/hkexsc/c/c_20251017_10795123.shtml,01_法规原文库\09_跨境与港股通_QDII_REITs_专项\048B_上海证券交易所沪港通业务实施办法（2024年修订）\048B_上海证券交易所沪港通业务实施办法（2024年修订）_01_上交所规则库正文页.html; 01_法规原文库\09_跨境与港股通_QDII_REITs_专项\048B_上海证券交易所沪港通业务实施办法（2024年修订）\048B_上海证券交易所沪港通业务实施办法（2024年修订）_附件01_上海证券交易所沪港通业务实施办法（2024年修订）.docx; 01_法规原文库\09_跨境与港股通_QDII_REITs_专项\048B_上海证券交易所沪港通业务实施办法（2024年修订）\048B_上海证券交易所沪港通业务实施办法（2024年修订）_附件02_《上海证券交易所沪港通业务实施办法（2024年修订）》起草说明.docx; 01_法规原文库\09_跨境与港股通_QDII_REITs_专项\048B_上海证券交易所沪港通业务实施办法（2024年修订）\048B_上海证券交易所沪港通业务实施办法（2024年修订）_附件03_《上海证券交易所沪港通业务实施办法（2024年修订）》施行衔接安排.docx,02_文本抽取库\09_跨境与港股通_QDII_REITs_专项\048B_上海证券交易所沪港通业务实施办法（2024年修订）\048B_上海证券交易所沪港通业务实施办法（2024年修订）_01_上交所规则库正文页.txt; 02_文本抽取库\09_跨境与港股通_QDII_REITs_专项\048B_上海证券交易所沪港通业务实施办法（2024年修订）\048B_上海证券交易所沪港通业务实施办法（2024年修订）_附件01_上海证券交易所沪港通业务实施办法（2024年修订）.txt; 02_文本抽取库\09_跨境与港股通_QDII_REITs_专项\048B_上海证券交易所沪港通业务实施办法（2024年修订）\048B_上海证券交易所沪港通业务实施办法（2024年修订）_附件02_《上海证券交易所沪港通业务实施办法（2024年修订）》起草说明.txt; 02_文本抽取库\09_跨境与港股通_QDII_REITs_专项\048B_上海证券交易所沪港通业务实施办法（2024年修订）\048B_上海证券交易所沪港通业务实施办法（2024年修订）_附件03_《上海证券交易所沪港通业务实施办法（2024年修订）》施行衔接安排.txt,docx; html,4,续跑时复用已下载文件,
048C,P1,09_跨境与港股通_QDII_REITs_专项,内地与香港股票市场交易互联互通机制登记、存管、结算业务实施细则（2022年4月修订版）,基础设施业务规则,中国证券登记结算有限责任公司,,2022-06-08,2022-06-13,现行有效,是,中国结算发布页,沪港通;深港通;港股通;登记存管;清算交收;跨境资金,https://www.chinaclear.cn/zdjs/gszb/202206/bd1cb5f962f049fcbbb1ab792add9d34.shtml,01_法规原文库\09_跨境与港股通_QDII_REITs_专项\048C_内地与香港股票市场交易互联互通机制登记、存管、结算业务实施细则（2022年4月修订版）\048C_内地与香港股票市场交易互联互通机制登记、存管、结算业务实施细则（2022年4月修订版）_01_中国结算发布页.html; 01_法规原文库\09_跨境与港股通_QDII_REITs_专项\048C_内地与香港股票市场交易互联互通机制登记、存管、结算业务实施细则（2022年4月修订版）\048C_内地与香港股票市场交易互联互通机制登记、存管、结算业务实施细则（2022年4月修订版）_附件01_内地与香港股票市场交易互联互通机制登记、存管、结算业务实施细则（2022年4月修订版）.pdf,02_文本抽取库\09_跨境与港股通_QDII_REITs_专项\048C_内地与香港股票市场交易互联互通机制登记、存管、结算业务实施细则（2022年4月修订版）\048C_内地与香港股票市场交易互联互通机制登记、存管、结算业务实施细则（2022年4月修订版）_01_中国结算发布页.txt; 02_文本抽取库\09_跨境与港股通_QDII_REITs_专项\048C_内地与香港股票市场交易互联互通机制登记、存管、结算业务实施细则（2022年4月修订版）\048C_内地与香港股票市场交易互联互通机制登记、存管、结算业务实施细则（2022年4月修订版）_附件01_内地与香港股票市场交易互联互通机制登记、存管、结算业务实施细则（2022年4月修订版）.txt,html; pdf,2,续跑时复用已下载文件,
049A,P1,09_跨境与港股通_QDII_REITs_专项,合格境内机构投资者境外证券投资外汇管理规定,外汇管理规范性文件,国家外汇管理局,国家外汇管理局公告2013年第1号,2013-08-21,2013-08-21,现行有效,是,外汇局正文页,QDII;境外证券投资;外汇额度;托管账户;资金汇兑,https://www.safe.gov.cn/safe/2013/0827/5579.html,01_法规原文库\09_跨境与港股通_QDII_REITs_专项\049A_合格境内机构投资者境外证券投资外汇管理规定\049A_合格境内机构投资者境外证券投资外汇管理规定_01_外汇局正文页.html; 01_法规原文库\09_跨境与港股通_QDII_REITs_专项\049A_合格境内机构投资者境外证券投资外汇管理规定\049A_合格境内机构投资者境外证券投资外汇管理规定_附件01_合格境内机构投资者境外证券投资外汇管理规定.pdf,02_文本抽取库\09_跨境与港股通_QDII_REITs_专项\049A_合格境内机构投资者境外证券投资外汇管理规定\049A_合格境内机构投资者境外证券投资外汇管理规定_01_外汇局正文页.txt; 02_文本抽取库\09_跨境与港股通_QDII_REITs_专项\049A_合格境内机构投资者境外证券投资外汇管理规定\049A_合格境内机构投资者境外证券投资外汇管理规定_附件01_合格境内机构投资者境外证券投资外汇管理规定.txt,html; pdf,2,根据外汇局页面提示，部分条款已按汇发〔2023〕8号调整。; 续跑时复用已下载文件,
050A,P1,09_跨境与港股通_QDII_REITs_专项,深圳证券交易所公开募集不动产投资信托基金业务办法（试行）,交易所业务规则,深圳证券交易所,深证上〔2025〕1519号,2025-12-31,2025-12-31,现行有效,是,深交所发布页;附件PDF,不动产REITs;公募REITs;上市审核;发售;交易;持续监管,https://www.szse.cn/lawrules/rule/reits/t20251231_618229.html,01_法规原文库\09_跨境与港股通_QDII_REITs_专项\050A_深圳证券交易所公开募集不动产投资信托基金业务办法（试行）\050A_深圳证券交易所公开募集不动产投资信托基金业务办法（试行）_01_深交所发布页.html; 01_法规原文库\09_跨境与港股通_QDII_REITs_专项\050A_深圳证券交易所公开募集不动产投资信托基金业务办法（试行）\050A_深圳证券交易所公开募集不动产投资信托基金业务办法（试行）_附件01_深圳证券交易所公开募集不动产投资信托基金业务办法（试行）.pdf; 01_法规原文库\09_跨境与港股通_QDII_REITs_专项\050A_深圳证券交易所公开募集不动产投资信托基金业务办法（试行）\050A_深圳证券交易所公开募集不动产投资信托基金业务办法（试行）_附件02_《深圳证券交易所公开募集不动产投资信托基金业务办法（试行）》修订说明.pdf,02_文本抽取库\09_跨境与港股通_QDII_REITs_专项\050A_深圳证券交易所公开募集不动产投资信托基金业务办法（试行）\050A_深圳证券交易所公开募集不动产投资信托基金业务办法（试行）_01_深交所发布页.txt; 02_文本抽取库\09_跨境与港股通_QDII_REITs_专项\050A_深圳证券交易所公开募集不动产投资信托基金业务办法（试行）\050A_深圳证券交易所公开募集不动产投资信托基金业务办法（试行）_附件01_深圳证券交易所公开募集不动产投资信托基金业务办法（试行）.txt; 02_文本抽取库\09_跨境与港股通_QDII_REITs_专项\050A_深圳证券交易所公开募集不动产投资信托基金业务办法（试行）\050A_深圳证券交易所公开募集不动产投资信托基金业务办法（试行）_附件02_《深圳证券交易所公开募集不动产投资信托基金业务办法（试行）》修订说明.txt,html; pdf,3,深交所深证上〔2025〕1519号已将2021年《深圳证券交易所公开募集基础设施证券投资基金业务办法（试行）》修订并更名为本规则；原2021年业务办法同时废止。; 续跑时复用已下载文件,
050B,P2,09_跨境与港股通_QDII_REITs_专项,中国证券登记结算有限责任公司深圳证券交易所公开募集基础设施证券投资基金登记结算业务指引（试行）,基础设施业务规则,中国证券登记结算有限责任公司,中国结算发字〔2021〕21号,2021-02-09,2021-02-09,现行有效,否,附件PDF,公募REITs;深交所;登记结算;场内份额;申购赎回,https://www.chinaclear.cn/zdjs/editor_file/20210209141214309.pdf,01_法规原文库\09_跨境与港股通_QDII_REITs_专项\050B_中国证券登记结算有限责任公司深圳证券交易所公开募集基础设施证券投资基金登记结算业务指引（试行）\050B_中国证券登记结算有限责任公司深圳证券交易所公开募集基础设施证券投资基金登记结算业务指引（试行）_01_附件PDF.pdf,02_文本抽取库\09_跨境与港股通_QDII_REITs_专项\050B_中国证券登记结算有限责任公司深圳证券交易所公开募集基础设施证券投资基金登记结算业务指引（试行）\050B_中国证券登记结算有限责任公司深圳证券交易所公开募集基础设施证券投资基金登记结算业务指引（试行）_01_附件PDF.txt,pdf,1,续跑时复用已下载文件,
050C,P3,09_跨境与港股通_QDII_REITs_专项,中国证券登记结算有限责任公司深圳证券交易所基金通平台公开募集基础设施证券投资基金份额转让登记结算业务指引（试行）,基础设施业务规则,中国证券登记结算有限责任公司,,2022-01-28,2022-01-28,现行有效,否,附件PDF,公募REITs;基金通平台;份额转让;登记结算,https://www.chinaclear.cn/zdjs/jjdltz/202201/34b9bf81f1a44a06afcb8965c880295e/files/20220128150620257.pdf,01_法规原文库\09_跨境与港股通_QDII_REITs_专项\050C_中国证券登记结算有限责任公司深圳证券交易所基金通平台公开募集基础设施证券投资基金份额转让登记结算业务指引（试行）\050C_中国证券登记结算有限责任公司深圳证券交易所基金通平台公开募集基础设施证券投资基金份额转让登记结算业务指引（试行）_01_附件PDF.pdf,02_文本抽取库\09_跨境与港股通_QDII_REITs_专项\050C_中国证券登记结算有限责任公司深圳证券交易所基金通平台公开募集基础设施证券投资基金份额转让登记结算业务指引（试行）\050C_中国证券登记结算有限责任公司深圳证券交易所基金通平台公开募集基础设施证券投资基金份额转让登记结算业务指引（试行）_01_附件PDF.txt,pdf,1,续跑时复用已下载文件,
051A,P1,09_跨境与港股通_QDII_REITs_专项,公开募集证券投资基金投资信用衍生品指引,规范性文件,中国证监会,证监会公告〔2019〕1号,2019-01-15,2019-01-15,现行有效,是,AMAC法规库转载,信用衍生品;公募基金投资限制;风险对冲;信息披露;估值,https://fg.amac.org.cn/governmentrules_3854/zcgz_gfxwj/gfxwj_gmjj/gfxwj_gmjj_tzyz/202003/t20200312_24729.html,01_法规原文库\09_跨境与港股通_QDII_REITs_专项\051A_公开募集证券投资基金投资信用衍生品指引\051A_公开募集证券投资基金投资信用衍生品指引_01_AMAC法规库转载.html,02_文本抽取库\09_跨境与港股通_QDII_REITs_专项\051A_公开募集证券投资基金投资信用衍生品指引\051A_公开募集证券投资基金投资信用衍生品指引_01_AMAC法规库转载.txt,html,1,续跑时复用已下载文件,
051B,P2,09_跨境与港股通_QDII_REITs_专项,银行间市场信用风险缓释工具试点业务规则、信用违约互换业务指引、信用联结票据业务指引,银行间市场自律规则,中国银行间市场交易商协会,,2021-04-15,2021-04-15,现行有效,否,NAFMII发布页,信用风险缓释工具;CDS;CLN;银行间市场;信用衍生品,https://www.nafmii.org.cn/ggtz/gg/202104/t20210415_198294.html,01_法规原文库\09_跨境与港股通_QDII_REITs_专项\051B_银行间市场信用风险缓释工具试点业务规则、信用违约互换业务指引、信用联结票据业务指引\051B_银行间市场信用风险缓释工具试点业务规则、信用违约互换业务指引、信用联结票据业务指引_01_NAFMII发布页.html; 01_法规原文库\09_跨境与港股通_QDII_REITs_专项\051B_银行间市场信用风险缓释工具试点业务规则、信用违约互换业务指引、信用联结票据业务指引\051B_银行间市场信用风险缓释工具试点业务规则、信用违约互换业务指引、信用联结票据业务指引_附件01_关于修订发布《银行间市场信用风险缓释工具试点业务规则》《信用违约互换业务指引》《信用联结票据业务指引》的公告.pdf; 01_法规原文库\09_跨境与港股通_QDII_REITs_专项\051B_银行间市场信用风险缓释工具试点业务规则、信用违约互换业务指引、信用联结票据业务指引\051B_银行间市场信用风险缓释工具试点业务规则、信用违约互换业务指引、信用联结票据业务指引_附件02_附件1：银行间市场信用风险缓释工具试点业务规则.pdf; 01_法规原文库\09_跨境与港股通_QDII_REITs_专项\051B_银行间市场信用风险缓释工具试点业务规则、信用违约互换业务指引、信用联结票据业务指引\051B_银行间市场信用风险缓释工具试点业务规则、信用违约互换业务指引、信用联结票据业务指引_附件03_附件2：信用违约互换业务指引.pdf; 01_法规原文库\09_跨境与港股通_QDII_REITs_专项\051B_银行间市场信用风险缓释工具试点业务规则、信用违约互换业务指引、信用联结票据业务指引\051B_银行间市场信用风险缓释工具试点业务规则、信用违约互换业务指引、信用联结票据业务指引_附件04_附件3：信用联结票据业务指引.pdf,02_文本抽取库\09_跨境与港股通_QDII_REITs_专项\051B_银行间市场信用风险缓释工具试点业务规则、信用违约互换业务指引、信用联结票据业务指引\051B_银行间市场信用风险缓释工具试点业务规则、信用违约互换业务指引、信用联结票据业务指引_01_NAFMII发布页.txt; 02_文本抽取库\09_跨境与港股通_QDII_REITs_专项\051B_银行间市场信用风险缓释工具试点业务规则、信用违约互换业务指引、信用联结票据业务指引\051B_银行间市场信用风险缓释工具试点业务规则、信用违约互换业务指引、信用联结票据业务指引_附件01_关于修订发布《银行间市场信用风险缓释工具试点业务规则》《信用违约互换业务指引》《信用联结票据业务指引》的公告.txt; 02_文本抽取库\09_跨境与港股通_QDII_REITs_专项\051B_银行间市场信用风险缓释工具试点业务规则、信用违约互换业务指引、信用联结票据业务指引\051B_银行间市场信用风险缓释工具试点业务规则、信用违约互换业务指引、信用联结票据业务指引_附件02_附件1：银行间市场信用风险缓释工具试点业务规则.txt; 02_文本抽取库\09_跨境与港股通_QDII_REITs_专项\051B_银行间市场信用风险缓释工具试点业务规则、信用违约互换业务指引、信用联结票据业务指引\051B_银行间市场信用风险缓释工具试点业务规则、信用违约互换业务指引、信用联结票据业务指引_附件03_附件2：信用违约互换业务指引.txt; 02_文本抽取库\09_跨境与港股通_QDII_REITs_专项\051B_银行间市场信用风险缓释工具试点业务规则、信用违约互换业务指引、信用联结票据业务指引\051B_银行间市场信用风险缓释工具试点业务规则、信用违约互换业务指引、信用联结票据业务指引_附件04_附件3：信用联结票据业务指引.txt,html; pdf,5,续跑时复用已下载文件,
052A,P2,10_合同格式与辅助资料,证券投资基金信息披露内容与格式准则第5号——招募说明书的内容与格式（2020年修订）,规范性文件,中国证监会,证监会公告〔2020〕66号,2020-10-30,2020-10-30,现行有效,否,证监会法规库正文页,招募说明书;基金募集文件;信息披露;产品文件,https://neris.csrc.gov.cn/falvfagui/rdqsHeader/mainbody?navbarId=2&secFutrsLawId=c1d5270d31ba4e30be0e8f696149f354,01_法规原文库\10_合同格式与辅助资料\052A_证券投资基金信息披露内容与格式准则第5号——招募说明书的内容与格式（2020年修订）\052A_证券投资基金信息披露内容与格式准则第5号——招募说明书的内容与格式（2020年修订）_01_证监会法规库正文页.html,02_文本抽取库\10_合同格式与辅助资料\052A_证券投资基金信息披露内容与格式准则第5号——招募说明书的内容与格式（2020年修订）\052A_证券投资基金信息披露内容与格式准则第5号——招募说明书的内容与格式（2020年修订）_01_证监会法规库正文页.txt,html,1,续跑时复用已下载文件,
052B,P2,10_合同格式与辅助资料,证券投资基金信息披露内容与格式准则第6号《基金合同的内容与格式》,规范性文件,中国证监会,证监基金字〔2004〕139号,2004-09-15,2004-09-15,现行有效,否,证监会附件PDF,基金合同;托管条款;基金财产;估值;费用税收;信息披露,https://www.csrc.gov.cn/shanghai/c105565/c1555523/1555523/files/%E9%99%84%E4%BB%B61_%E4%B8%AD%E5%9B%BD%E8%AF%81%E7%9B%91%E4%BC%9A%E5%86%B3%E5%AE%9A%E4%BF%AE%E6%94%B9%E7%9A%84%E8%A7%84%E8%8C%83%E6%80%A7%E6%96%87%E4%BB%B6.pdf,01_法规原文库\10_合同格式与辅助资料\052B_证券投资基金信息披露内容与格式准则第6号《基金合同的内容与格式》\052B_证券投资基金信息披露内容与格式准则第6号《基金合同的内容与格式》_01_证监会附件PDF.pdf,02_文本抽取库\10_合同格式与辅助资料\052B_证券投资基金信息披露内容与格式准则第6号《基金合同的内容与格式》\052B_证券投资基金信息披露内容与格式准则第6号《基金合同的内容与格式》_01_证监会附件PDF.txt,pdf,1,使用证监会修改规范性文件附件中的全文作为可检索版本。; 续跑时复用已下载文件,
052C,P3,10_合同格式与辅助资料,公开募集基金募集申请注册行政许可事项服务指南,行政许可服务指南,中国证监会,,,,辅助索引,否,证监会服务指南页,基金募集注册;基金合同;招募说明书;托管协议草案;申报材料,https://www.csrc.gov.cn/csrc/c101968/c4638336/content.shtml,01_法规原文库\10_合同格式与辅助资料\052C_公开募集基金募集申请注册行政许可事项服务指南\052C_公开募集基金募集申请注册行政许可事项服务指南_01_证监会服务指南页.html,02_文本抽取库\10_合同格式与辅助资料\052C_公开募集基金募集申请注册行政许可事项服务指南\052C_公开募集基金募集申请注册行政许可事项服务指南_01_证监会服务指南页.txt,html,1,服务指南用于定位托管协议草案等申报材料要求，不作为实体规则正文。; 续跑时复用已下载文件,
053A,P1,10_合同格式与辅助资料,公开募集证券投资基金信息披露内容与格式准则第2号——定期报告的内容与格式,规范性文件,中国证监会,证监会公告〔2026〕5号,2026-03-13,2026-05-01,现行有效,是,证监会发布页;附件PDF,定期报告;XBRL;年度报告;中期报告;季度报告;托管人复核,https://www.csrc.gov.cn/csrc/c101954/c7619929/content.shtml,01_法规原文库\10_合同格式与辅助资料\053A_公开募集证券投资基金信息披露内容与格式准则第2号——定期报告的内容与格式\053A_公开募集证券投资基金信息披露内容与格式准则第2号——定期报告的内容与格式_01_证监会发布页.html; 01_法规原文库\10_合同格式与辅助资料\053A_公开募集证券投资基金信息披露内容与格式准则第2号——定期报告的内容与格式\053A_公开募集证券投资基金信息披露内容与格式准则第2号——定期报告的内容与格式_附件01_附件1：公开募集证券投资基金信息披露内容与格式准则第2号—定期报告的内容与格式.pdf; 01_法规原文库\10_合同格式与辅助资料\053A_公开募集证券投资基金信息披露内容与格式准则第2号——定期报告的内容与格式\053A_公开募集证券投资基金信息披露内容与格式准则第2号——定期报告的内容与格式_附件02_附件2：《公开募集证券投资基金信息披露内容与格式准则第2号—定期报告的内容与格式》修订说明.pdf,02_文本抽取库\10_合同格式与辅助资料\053A_公开募集证券投资基金信息披露内容与格式准则第2号——定期报告的内容与格式\053A_公开募集证券投资基金信息披露内容与格式准则第2号——定期报告的内容与格式_01_证监会发布页.txt; 02_文本抽取库\10_合同格式与辅助资料\053A_公开募集证券投资基金信息披露内容与格式准则第2号——定期报告的内容与格式\053A_公开募集证券投资基金信息披露内容与格式准则第2号——定期报告的内容与格式_附件01_附件1：公开募集证券投资基金信息披露内容与格式准则第2号—定期报告的内容与格式.txt; 02_文本抽取库\10_合同格式与辅助资料\053A_公开募集证券投资基金信息披露内容与格式准则第2号——定期报告的内容与格式\053A_公开募集证券投资基金信息披露内容与格式准则第2号——定期报告的内容与格式_附件02_附件2：《公开募集证券投资基金信息披露内容与格式准则第2号—定期报告的内容与格式》修订说明.txt,html; pdf,3,自2026-05-01施行，并废止原第2号、第3号、第4号及XBRL模板第1-5号。; 续跑时复用已下载文件,
053B,P3,10_合同格式与辅助资料,公开募集证券投资基金信息披露XBRL模板第5号《基金产品资料概要》,规范性文件,中国证监会,证监会公告〔2019〕18号,2019-07-26,2019-09-01,历史失效,否,证监会正文页;附件PDF,XBRL;基金产品资料概要;历史模板,https://www.csrc.gov.cn/csrc/c101877/c1029540/content.shtml,01_法规原文库\10_合同格式与辅助资料\053B_公开募集证券投资基金信息披露XBRL模板第5号《基金产品资料概要》\053B_公开募集证券投资基金信息披露XBRL模板第5号《基金产品资料概要》_01_证监会正文页.html; 01_法规原文库\10_合同格式与辅助资料\053B_公开募集证券投资基金信息披露XBRL模板第5号《基金产品资料概要》\053B_公开募集证券投资基金信息披露XBRL模板第5号《基金产品资料概要》_附件01_附件：《公开募集证券投资基金信息披露XBRL模板第5号〈基金产品资料概要〉》.pdf,02_文本抽取库\10_合同格式与辅助资料\053B_公开募集证券投资基金信息披露XBRL模板第5号《基金产品资料概要》\053B_公开募集证券投资基金信息披露XBRL模板第5号《基金产品资料概要》_01_证监会正文页.txt; 02_文本抽取库\10_合同格式与辅助资料\053B_公开募集证券投资基金信息披露XBRL模板第5号《基金产品资料概要》\053B_公开募集证券投资基金信息披露XBRL模板第5号《基金产品资料概要》_附件01_附件：《公开募集证券投资基金信息披露XBRL模板第5号〈基金产品资料概要〉》.txt,html; pdf,2,根据证监会公告〔2026〕5号，已于2026-05-01起被废止；仅作历史依据保存。; 续跑时复用已下载文件,
054A,P2,10_合同格式与辅助资料,公开募集证券投资基金信息披露电子化规范,金融行业推荐性标准,中国证监会、中国人民银行,证监会公告〔2023〕1号; JR/T 0259—2023,2023-01-04,2023-01-04,现行有效,否,证监会公告页;附件PDF,电子披露;基金公告;XBRL;披露标准;电子化流程,https://www.csrc.gov.cn/csrc/c101954/c6987198/content.shtml,01_法规原文库\10_合同格式与辅助资料\054A_公开募集证券投资基金信息披露电子化规范\054A_公开募集证券投资基金信息披露电子化规范_01_证监会公告页.html; 01_法规原文库\10_合同格式与辅助资料\054A_公开募集证券投资基金信息披露电子化规范\054A_公开募集证券投资基金信息披露电子化规范_附件01_附件：《公开募集证券投资基金信息披露电子化规范》.pdf,02_文本抽取库\10_合同格式与辅助资料\054A_公开募集证券投资基金信息披露电子化规范\054A_公开募集证券投资基金信息披露电子化规范_01_证监会公告页.txt; 02_文本抽取库\10_合同格式与辅助资料\054A_公开募集证券投资基金信息披露电子化规范\054A_公开募集证券投资基金信息披露电子化规范_附件01_附件：《公开募集证券投资基金信息披露电子化规范》.txt,html; pdf,2,续跑时复用已下载文件,
055,P0,03A_业绩比较基准与基金评价规则,公开募集证券投资基金业绩比较基准指引,规范性文件,中国证监会,证监会公告〔2026〕3号,2026-01-22,2026-03-01,现行有效,是,证监会公告页;附件PDF,业绩比较基准;投资风格;基金合同;招募说明书;定期报告;托管人复核;销售展示;基金评价,https://www.csrc.gov.cn/csrc/c101954/c7610812/content.shtml; https://www.csrc.gov.cn/csrc/c101954/c7610812/7610812/files/%E9%99%84%E4%BB%B61%EF%BC%9A%E5%85%AC%E5%BC%80%E5%8B%9F%E9%9B%86%E8%AF%81%E5%88%B8%E6%8A%95%E8%B5%84%E5%9F%BA%E9%87%91%E4%B8%9A%E7%BB%A9%E6%AF%94%E8%BE%83%E5%9F%BA%E5%87%86%E6%8C%87%E5%BC%95.pdf,01_法规原文库\03A_业绩比较基准与基金评价规则\055_公开募集证券投资基金业绩比较基准指引\055_公开募集证券投资基金业绩比较基准指引_01_证监会公告页.html; 01_法规原文库\03A_业绩比较基准与基金评价规则\055_公开募集证券投资基金业绩比较基准指引\055_公开募集证券投资基金业绩比较基准指引_02_证监会附件PDF.pdf,02_文本抽取库\03A_业绩比较基准与基金评价规则\055_公开募集证券投资基金业绩比较基准指引\055_公开募集证券投资基金业绩比较基准指引_01_证监会公告页.txt; 02_文本抽取库\03A_业绩比较基准与基金评价规则\055_公开募集证券投资基金业绩比较基准指引\055_公开募集证券投资基金业绩比较基准指引_02_证监会附件PDF.txt,html; pdf,2,来自2026-06-01 Gmail附件并已核对证监会公告页。第八条第四款、第九条、第十六条第一款、第十七条自施行一年后执行；第十五条第二款、第三款自施行六个月后执行。; 续跑时复用已下载文件,
055A,P0,03A_业绩比较基准与基金评价规则,公开募集证券投资基金业绩比较基准操作细则,行业自律规则,中国证券投资基金业协会,中基协发〔2026〕2号,2026-01-23,2026-03-01,现行有效,是,AMAC公告页;附件PDF,业绩比较基准;要素库;定期报告;投资风格监测;托管人合同审核;投资监督;信息披露复核;基金评价,https://www.amac.org.cn/xwfb/xhyw/202601/t20260123_27602.html; https://www.amac.org.cn/xwfb/xhyw/202601/P020260421579395559123.pdf,01_法规原文库\03A_业绩比较基准与基金评价规则\055A_公开募集证券投资基金业绩比较基准操作细则\055A_公开募集证券投资基金业绩比较基准操作细则_01_AMAC公告页.html; 01_法规原文库\03A_业绩比较基准与基金评价规则\055A_公开募集证券投资基金业绩比较基准操作细则\055A_公开募集证券投资基金业绩比较基准操作细则_02_AMAC附件PDF.pdf,02_文本抽取库\03A_业绩比较基准与基金评价规则\055A_公开募集证券投资基金业绩比较基准操作细则\055A_公开募集证券投资基金业绩比较基准操作细则_01_AMAC公告页.txt; 02_文本抽取库\03A_业绩比较基准与基金评价规则\055A_公开募集证券投资基金业绩比较基准操作细则\055A_公开募集证券投资基金业绩比较基准操作细则_02_AMAC附件PDF.txt,html; pdf,2,来自2026-06-01 Gmail附件并已核对基金业协会公告页。第十三条、第十四条、第二十三条、第二十四条、第二十五条自施行一年后执行；第二十条、第二十一条、第二十二条自施行六个月后执行。; 续跑时复用已下载文件,
055B,P3,03A_业绩比较基准与基金评价规则,《公开募集证券投资基金业绩比较基准操作细则》相关指标解释、基准收益率计算参考及基准示例,配套参考资料,中国证券投资基金业协会,,2026-01-27,,辅助资料,否,邮件附件;AMAC要素库公告线索,业绩比较基准;指标解释;信息比率;跟踪误差;超额收益;主动比率;基准收益率计算;基准示例,https://www.amac.org.cn/xwfb/tzgg/202601/t20260127_27297.html; 03_元数据台账/email_attachments/2026-06-01_业绩比较基准/公开募集证券投资基金业绩比较基准操作细则_指标解释与示例.pdf,01_法规原文库\03A_业绩比较基准与基金评价规则\055B_《公开募集证券投资基金业绩比较基准操作细则》相关指标解释、基准收益率计算参考及基准示例\055B_《公开募集证券投资基金业绩比较基准操作细则》相关指标解释、基准收益率计算参考及基准示例_01_AMAC要素库及运作说明公告页.html; 01_法规原文库\03A_业绩比较基准与基金评价规则\055B_《公开募集证券投资基金业绩比较基准操作细则》相关指标解释、基准收益率计算参考及基准示例\055B_《公开募集证券投资基金业绩比较基准操作细则》相关指标解释、基准收益率计算参考及基准示例_02_Gmail附件PDF.pdf,02_文本抽取库\03A_业绩比较基准与基金评价规则\055B_《公开募集证券投资基金业绩比较基准操作细则》相关指标解释、基准收益率计算参考及基准示例\055B_《公开募集证券投资基金业绩比较基准操作细则》相关指标解释、基准收益率计算参考及基准示例_01_AMAC要素库及运作说明公告页.txt; 02_文本抽取库\03A_业绩比较基准与基金评价规则\055B_《公开募集证券投资基金业绩比较基准操作细则》相关指标解释、基准收益率计算参考及基准示例\055B_《公开募集证券投资基金业绩比较基准操作细则》相关指标解释、基准收益率计算参考及基准示例_02_Gmail附件PDF.txt,html; pdf,2,2026-06-01 Gmail附件，PDF为扫描/图片型，已补人工识别摘要供检索。AMAC 2026-01-27公告说明要素库页面下方提供文件下载链接，但静态公告页未暴露该附件直链；本项只作配套参考资料，不作为单独强制性法规依据。; 续跑时复用已下载文件,
024,P1,02_行政法规与部门规章,资产管理产品相关会计处理规定,财政部规范性文件,财政部,财会〔2022〕14号,2022-05-25,2022-07-01,现行有效,是,财政部通知页;待入库PDF,资产管理产品;会计处理;金融工具;公允价值;侧袋机制;会计报表;净值核算,https://www.mof.gov.cn/jrttts/202206/t20220602_3815454.htm; 待入库法规\【文号：财会〔2022〕14号】《资产管理产品相关会计处理规定》-发布于2022年5月25日.pdf,01_法规原文库\02_行政法规与部门规章\024_资产管理产品相关会计处理规定\024_资产管理产品相关会计处理规定_01_财政部通知页.html; 01_法规原文库\02_行政法规与部门规章\024_资产管理产品相关会计处理规定\024_资产管理产品相关会计处理规定_02_待入库PDF.pdf,02_文本抽取库\02_行政法规与部门规章\024_资产管理产品相关会计处理规定\024_资产管理产品相关会计处理规定_01_财政部通知页.txt; 02_文本抽取库\02_行政法规与部门规章\024_资产管理产品相关会计处理规定\024_资产管理产品相关会计处理规定_02_待入库PDF.txt,html; pdf,2,财政部正式规则，适用于资管新规项下资产管理产品；公募基金估值核算中作为会计处理上位依据使用。; 续跑时复用已下载文件,
030A,P2,06_AMAC托管运营估值清算细则,证券投资基金股指期货投资会计核算业务细则（试行）,AMAC会计核算细则,中国证券投资基金业协会,中基协发〔2012〕8号,2012-11-16,2012-11-16,现行有效,否,待入库DOC;本地文本抽取,股指期货;会计核算;估值;衍生工具;保证金,待入库法规\【文号：中基协发〔2012〕8号】《证券投资基金股指期货投资会计核算业务细则（试行）》-发布于2012年11月16日.doc,01_法规原文库\06_AMAC托管运营估值清算细则\030A_证券投资基金股指期货投资会计核算业务细则（试行）\030A_证券投资基金股指期货投资会计核算业务细则（试行）_01_待入库DOC.doc,02_文本抽取库\06_AMAC托管运营估值清算细则\030A_证券投资基金股指期货投资会计核算业务细则（试行）\030A_证券投资基金股指期货投资会计核算业务细则（试行）_01_待入库DOC.txt,doc,1,未定位到AMAC独立发布页；以待入库DOC原件入库并使用Word COM抽取文本。AMAC现行估值标准汇编仍收录该细则，使用时宜结合最新衍生品投资和信息披露规则核验。; 续跑时复用已下载文件,
030B,P2,06_AMAC托管运营估值清算细则,黄金交易型开放式证券投资基金及联接基金会计核算和估值业务指引（试行）,AMAC会计核算与估值细则,中国证券投资基金业协会,中基协发〔2013〕17号,2013-07-12,2013-07-12,现行有效,否,AMAC附件PDF;待入库PDF,黄金ETF;联接基金;贵金属;会计核算;估值,https://www.amac.org.cn/xwfb/hydt/202106/P020231126371203847177.pdf,01_法规原文库\06_AMAC托管运营估值清算细则\030B_黄金交易型开放式证券投资基金及联接基金会计核算和估值业务指引（试行）\030B_黄金交易型开放式证券投资基金及联接基金会计核算和估值业务指引（试行）_01_AMAC附件PDF.pdf,02_文本抽取库\06_AMAC托管运营估值清算细则\030B_黄金交易型开放式证券投资基金及联接基金会计核算和估值业务指引（试行）\030B_黄金交易型开放式证券投资基金及联接基金会计核算和估值业务指引（试行）_01_AMAC附件PDF.txt,pdf,1,其他证券投资基金投资金交所交易品种时，除申购赎回业务外可按指引参照办理。; 续跑时复用已下载文件,
037B,P1,06_AMAC托管运营估值清算细则,关于固定收益品种的估值处理标准,AMAC估值标准,中国证券投资基金业协会,中基协字〔2022〕566号,2022-12-30,2023-03-31,现行有效,是,AMAC法规库正文页;待入库PDF,固定收益品种;债券估值;预期信用损失;违约债券;估值全价;第三方估值,https://fg.amac.org.cn/governmentrules_3854/zcgz_zlgz/zlgz_gmjj/zlgz_gmjj_zhl/202212/t20221230_24285.html; 待入库法规\【文号：中基协字〔2022〕566号】《关于固定收益品种的估值处理标准》-发布于2022年12月30日.pdf,01_法规原文库\06_AMAC托管运营估值清算细则\037B_关于固定收益品种的估值处理标准\037B_关于固定收益品种的估值处理标准_01_AMAC法规库正文页.html; 01_法规原文库\06_AMAC托管运营估值清算细则\037B_关于固定收益品种的估值处理标准\037B_关于固定收益品种的估值处理标准_02_待入库PDF.pdf,02_文本抽取库\06_AMAC托管运营估值清算细则\037B_关于固定收益品种的估值处理标准\037B_关于固定收益品种的估值处理标准_01_AMAC法规库正文页.txt; 02_文本抽取库\06_AMAC托管运营估值清算细则\037B_关于固定收益品种的估值处理标准\037B_关于固定收益品种的估值处理标准_02_待入库PDF.txt,html; pdf,2,对2015年第一季度固定收益品种估值处理标准的修订；AMAC通知要求管理人在2023-03-31前确定实施日期并统一实施新标准。待入库PDF无可抽取文字层，检索文本以AMAC正文页为主。; 续跑时复用已下载文件,
047D,P2,08_交易所与登记结算基础设施规则,银行间债券市场债券估值业务管理办法,人民银行规范性文件,中国人民银行,中国人民银行公告〔2023〕第19号,2023-12-01,2024-01-01,现行有效,否,人民银行正文页;待入库PDF,银行间债券;债券估值;收益率曲线;估值机构;第三方估值;公允价值,https://www.pbc.gov.cn/tiaofasi/144941/3581332/5156741/index.html; 待入库法规\【文号：中国人民银行〔2023〕第19号】《银⾏间债券市场债券估值业务管理办法》-发布于2023年12月1日.pdf,01_法规原文库\08_交易所与登记结算基础设施规则\047D_银行间债券市场债券估值业务管理办法\047D_银行间债券市场债券估值业务管理办法_01_人民银行正文页.html; 01_法规原文库\08_交易所与登记结算基础设施规则\047D_银行间债券市场债券估值业务管理办法\047D_银行间债券市场债券估值业务管理办法_02_待入库PDF.pdf,02_文本抽取库\08_交易所与登记结算基础设施规则\047D_银行间债券市场债券估值业务管理办法\047D_银行间债券市场债券估值业务管理办法_01_人民银行正文页.txt; 02_文本抽取库\08_交易所与登记结算基础设施规则\047D_银行间债券市场债券估值业务管理办法\047D_银行间债券市场债券估值业务管理办法_02_待入库PDF.txt,html; pdf,2,规范银行间债券市场估值机构和估值产品，作为公募基金固定收益品种估值源治理和第三方估值参考的基础设施规则。; 续跑时复用已下载文件,
050D,P1,09_跨境与港股通_QDII_REITs_专项,公开募集不动产投资信托基金（REITs）尽职调查工作指引（试行）,行业自律规则,中国证券投资基金业协会,中基协发〔2025〕16号,2025-12-31,2025-12-31,现行有效,是,AMAC公告页;附件PDF,公募REITs;尽职调查;基础设施项目;扩募;托管审查,https://www.amac.org.cn/xwfb/xhyw/202512/t20251231_27180.html; https://www.amac.org.cn/xwfb/xhyw/202512/P020260508309910433238.pdf,01_法规原文库\09_跨境与港股通_QDII_REITs_专项\050D_公开募集不动产投资信托基金（REITs）尽职调查工作指引（试行）\050D_公开募集不动产投资信托基金（REITs）尽职调查工作指引（试行）_01_AMAC公告页.html; 01_法规原文库\09_跨境与港股通_QDII_REITs_专项\050D_公开募集不动产投资信托基金（REITs）尽职调查工作指引（试行）\050D_公开募集不动产投资信托基金（REITs）尽职调查工作指引（试行）_02_附件PDF.pdf,02_文本抽取库\09_跨境与港股通_QDII_REITs_专项\050D_公开募集不动产投资信托基金（REITs）尽职调查工作指引（试行）\050D_公开募集不动产投资信托基金（REITs）尽职调查工作指引（试行）_01_AMAC公告页.txt; 02_文本抽取库\09_跨境与港股通_QDII_REITs_专项\050D_公开募集不动产投资信托基金（REITs）尽职调查工作指引（试行）\050D_公开募集不动产投资信托基金（REITs）尽职调查工作指引（试行）_02_附件PDF.txt,html; pdf,2,公告页日期2025-12-31，落款2025-12-25；公告称两项自律规则现予发布实施。,
050E,P1,09_跨境与港股通_QDII_REITs_专项,公开募集不动产投资信托基金（REITs）运营操作指引（试行）,行业自律规则,中国证券投资基金业协会,中基协发〔2025〕16号,2025-12-31,2025-12-31,现行有效,是,AMAC公告页;附件PDF,公募REITs;运营管理;基础设施项目;信息披露;托管运营,https://www.amac.org.cn/xwfb/xhyw/202512/t20251231_27180.html; https://www.amac.org.cn/xwfb/xhyw/202512/P020260508309910325949.pdf,01_法规原文库\09_跨境与港股通_QDII_REITs_专项\050E_公开募集不动产投资信托基金（REITs）运营操作指引（试行）\050E_公开募集不动产投资信托基金（REITs）运营操作指引（试行）_01_AMAC公告页.html; 01_法规原文库\09_跨境与港股通_QDII_REITs_专项\050E_公开募集不动产投资信托基金（REITs）运营操作指引（试行）\050E_公开募集不动产投资信托基金（REITs）运营操作指引（试行）_02_附件PDF.pdf,02_文本抽取库\09_跨境与港股通_QDII_REITs_专项\050E_公开募集不动产投资信托基金（REITs）运营操作指引（试行）\050E_公开募集不动产投资信托基金（REITs）运营操作指引（试行）_01_AMAC公告页.txt; 02_文本抽取库\09_跨境与港股通_QDII_REITs_专项\050E_公开募集不动产投资信托基金（REITs）运营操作指引（试行）\050E_公开募集不动产投资信托基金（REITs）运营操作指引（试行）_02_附件PDF.txt,html; pdf,2,公告页日期2025-12-31，落款2025-12-25；公告称两项自律规则现予发布实施。,
056,P0,03_证监会公募基金一般运作规则,公开募集证券投资基金销售机构监督管理办法,部门规章,中国证监会,证监会令第175号,2020-08-28,2020-10-01,现行有效,是,证监会规章库正文页;发布页,基金销售;销售机构;销售结算资金;适当性;商业银行销售资格;内部控制,https://www.csrc.gov.cn/csrc/c106256/c1653806/content.shtml; https://www.csrc.gov.cn/csrc/c101877/c1039190/content.shtml,01_法规原文库\03_证监会公募基金一般运作规则\056_公开募集证券投资基金销售机构监督管理办法\056_公开募集证券投资基金销售机构监督管理办法_01_证监会规章库正文页.html; 01_法规原文库\03_证监会公募基金一般运作规则\056_公开募集证券投资基金销售机构监督管理办法\056_公开募集证券投资基金销售机构监督管理办法_02_证监会发布页.html; 01_法规原文库\03_证监会公募基金一般运作规则\056_公开募集证券投资基金销售机构监督管理办法\056_公开募集证券投资基金销售机构监督管理办法_附件01_《公开募集证券投资基金销售机构监督管理办法》.pdf; 01_法规原文库\03_证监会公募基金一般运作规则\056_公开募集证券投资基金销售机构监督管理办法\056_公开募集证券投资基金销售机构监督管理办法_附件02_《公开募集证券投资基金销售机构监督管理办法》及配套规则修订说明.pdf,02_文本抽取库\03_证监会公募基金一般运作规则\056_公开募集证券投资基金销售机构监督管理办法\056_公开募集证券投资基金销售机构监督管理办法_01_证监会规章库正文页.txt; 02_文本抽取库\03_证监会公募基金一般运作规则\056_公开募集证券投资基金销售机构监督管理办法\056_公开募集证券投资基金销售机构监督管理办法_02_证监会发布页.txt; 02_文本抽取库\03_证监会公募基金一般运作规则\056_公开募集证券投资基金销售机构监督管理办法\056_公开募集证券投资基金销售机构监督管理办法_附件01_《公开募集证券投资基金销售机构监督管理办法》.txt; 02_文本抽取库\03_证监会公募基金一般运作规则\056_公开募集证券投资基金销售机构监督管理办法\056_公开募集证券投资基金销售机构监督管理办法_附件02_《公开募集证券投资基金销售机构监督管理办法》及配套规则修订说明.txt,html; pdf,4,销售机构监管主规章，覆盖商业银行等基金销售机构的注册、内控、销售行为和基金销售结算资金安全要求。; 续跑时复用已下载文件,
056A,P1,03_证监会公募基金一般运作规则,关于实施《公开募集证券投资基金销售机构监督管理办法》的规定,规范性文件,中国证监会,证监会公告〔2020〕58号,2020-08-28,2020-10-01,现行有效,是,证监会发布页;附件PDF,基金销售;实施安排;过渡期;销售机构;独立基金销售机构,https://www.csrc.gov.cn/csrc/c101877/c1039189/content.shtml,01_法规原文库\03_证监会公募基金一般运作规则\056A_关于实施《公开募集证券投资基金销售机构监督管理办法》的规定\056A_关于实施《公开募集证券投资基金销售机构监督管理办法》的规定_01_证监会发布页.html; 01_法规原文库\03_证监会公募基金一般运作规则\056A_关于实施《公开募集证券投资基金销售机构监督管理办法》的规定\056A_关于实施《公开募集证券投资基金销售机构监督管理办法》的规定_附件01_《关于实施〈公开募集证券投资基金销售机构监督管理办法〉的规定》.pdf,02_文本抽取库\03_证监会公募基金一般运作规则\056A_关于实施《公开募集证券投资基金销售机构监督管理办法》的规定\056A_关于实施《公开募集证券投资基金销售机构监督管理办法》的规定_01_证监会发布页.txt; 02_文本抽取库\03_证监会公募基金一般运作规则\056A_关于实施《公开募集证券投资基金销售机构监督管理办法》的规定\056A_关于实施《公开募集证券投资基金销售机构监督管理办法》的规定_附件01_《关于实施〈公开募集证券投资基金销售机构监督管理办法〉的规定》.txt,html; pdf,2,销售机构监督管理办法实施配套规则。; 续跑时复用已下载文件,
056B,P1,03_证监会公募基金一般运作规则,公开募集证券投资基金销售费用管理规定,规范性文件,中国证监会,证监会公告〔2025〕22号,2025-12-31,2026-01-01,现行有效,是,证监会发布页;附件PDF,销售费用;认购费;申购费;赎回费;销售服务费;尾随佣金;直销平台,https://www.csrc.gov.cn/csrc/c101954/c7606091/content.shtml,01_法规原文库\03_证监会公募基金一般运作规则\056B_公开募集证券投资基金销售费用管理规定\056B_公开募集证券投资基金销售费用管理规定_01_证监会发布页.html; 01_法规原文库\03_证监会公募基金一般运作规则\056B_公开募集证券投资基金销售费用管理规定\056B_公开募集证券投资基金销售费用管理规定_附件01_附件1：公开募集证券投资基金销售费用管理规定.pdf; 01_法规原文库\03_证监会公募基金一般运作规则\056B_公开募集证券投资基金销售费用管理规定\056B_公开募集证券投资基金销售费用管理规定_附件02_附件2：《公开募集证券投资基金销售费用管理规定》修订说明.pdf,02_文本抽取库\03_证监会公募基金一般运作规则\056B_公开募集证券投资基金销售费用管理规定\056B_公开募集证券投资基金销售费用管理规定_01_证监会发布页.txt; 02_文本抽取库\03_证监会公募基金一般运作规则\056B_公开募集证券投资基金销售费用管理规定\056B_公开募集证券投资基金销售费用管理规定_附件01_附件1：公开募集证券投资基金销售费用管理规定.txt; 02_文本抽取库\03_证监会公募基金一般运作规则\056B_公开募集证券投资基金销售费用管理规定\056B_公开募集证券投资基金销售费用管理规定_附件02_附件2：《公开募集证券投资基金销售费用管理规定》修订说明.txt,html; pdf,3,自2026-01-01起施行，替代既有销售费用规则口径；修订说明仅作辅助资料，不作为规则正文。; 续跑时复用已下载文件,
057,P0,02_行政法规与部门规章,公开募集证券投资基金管理人监督管理办法,部门规章,中国证监会,证监会令第198号,2022-05-20,2022-06-20,现行有效,是,证监会发布页;附件PDF,基金管理人;设立条件;股东治理;内部控制;高管;子公司;托管人协同,https://www.csrc.gov.cn/csrc/c101953/c2804634/content.shtml,01_法规原文库\02_行政法规与部门规章\057_公开募集证券投资基金管理人监督管理办法\057_公开募集证券投资基金管理人监督管理办法_01_证监会发布页.html; 01_法规原文库\02_行政法规与部门规章\057_公开募集证券投资基金管理人监督管理办法\057_公开募集证券投资基金管理人监督管理办法_附件01_附件1：《公开募集证券投资基金管理人监督管理办法》.pdf; 01_法规原文库\02_行政法规与部门规章\057_公开募集证券投资基金管理人监督管理办法\057_公开募集证券投资基金管理人监督管理办法_附件02_附件2：《公开募集证券投资基金管理人监督管理办法》及其配套规则的修订说明.pdf,02_文本抽取库\02_行政法规与部门规章\057_公开募集证券投资基金管理人监督管理办法\057_公开募集证券投资基金管理人监督管理办法_01_证监会发布页.txt; 02_文本抽取库\02_行政法规与部门规章\057_公开募集证券投资基金管理人监督管理办法\057_公开募集证券投资基金管理人监督管理办法_附件01_附件1：《公开募集证券投资基金管理人监督管理办法》.txt; 02_文本抽取库\02_行政法规与部门规章\057_公开募集证券投资基金管理人监督管理办法\057_公开募集证券投资基金管理人监督管理办法_附件02_附件2：《公开募集证券投资基金管理人监督管理办法》及其配套规则的修订说明.txt,html; pdf,3,基金管理人监管主规章；后续月度巡检应关注证监会令第227号等修改文本是否已合并入官方规章库。; 续跑时复用已下载文件,
057A,P1,02_行政法规与部门规章,关于实施《公开募集证券投资基金管理人监督管理办法》有关问题的规定,规范性文件,中国证监会,证监会公告〔2022〕33号,2022-05-20,2022-06-20,现行有效,是,证监会发布页;附件PDF,基金管理人;实施安排;过渡期;牌照管理;治理整改,https://www.csrc.gov.cn/csrc/c101954/c2804866/content.shtml,01_法规原文库\02_行政法规与部门规章\057A_关于实施《公开募集证券投资基金管理人监督管理办法》有关问题的规定\057A_关于实施《公开募集证券投资基金管理人监督管理办法》有关问题的规定_01_证监会发布页.html; 01_法规原文库\02_行政法规与部门规章\057A_关于实施《公开募集证券投资基金管理人监督管理办法》有关问题的规定\057A_关于实施《公开募集证券投资基金管理人监督管理办法》有关问题的规定_附件01_附件1：关于实施《公开募集证券投资基金管理人监督管理办法》有关问题的规定.pdf; 01_法规原文库\02_行政法规与部门规章\057A_关于实施《公开募集证券投资基金管理人监督管理办法》有关问题的规定\057A_关于实施《公开募集证券投资基金管理人监督管理办法》有关问题的规定_附件02_附件2：《公开募集证券投资基金管理人监督管理办法》及其配套规则的修订说明.pdf,02_文本抽取库\02_行政法规与部门规章\057A_关于实施《公开募集证券投资基金管理人监督管理办法》有关问题的规定\057A_关于实施《公开募集证券投资基金管理人监督管理办法》有关问题的规定_01_证监会发布页.txt; 02_文本抽取库\02_行政法规与部门规章\057A_关于实施《公开募集证券投资基金管理人监督管理办法》有关问题的规定\057A_关于实施《公开募集证券投资基金管理人监督管理办法》有关问题的规定_附件01_附件1：关于实施《公开募集证券投资基金管理人监督管理办法》有关问题的规定.txt; 02_文本抽取库\02_行政法规与部门规章\057A_关于实施《公开募集证券投资基金管理人监督管理办法》有关问题的规定\057A_关于实施《公开募集证券投资基金管理人监督管理办法》有关问题的规定_附件02_附件2：《公开募集证券投资基金管理人监督管理办法》及其配套规则的修订说明.txt,html; pdf,3,管理人监督管理办法实施配套规则。; 续跑时复用已下载文件,
058,P1,03A_业绩比较基准与基金评价规则,基金管理公司绩效考核管理指引,行业自律规则,中国证券投资基金业协会,中基协发〔2026〕9号,2026-04-17,2026-04-17,现行有效,否,AMAC公告页;附件PDF,绩效考核;薪酬管理;长期考核;基金份额持有人利益;激励约束,https://www.amac.org.cn/xwfb/xhyw/202604/t20260417_27594.html; https://www.amac.org.cn/xwfb/xhyw/202604/P020260417619131260676.pdf,01_法规原文库\03A_业绩比较基准与基金评价规则\058_基金管理公司绩效考核管理指引\058_基金管理公司绩效考核管理指引_01_AMAC公告页.html; 01_法规原文库\03A_业绩比较基准与基金评价规则\058_基金管理公司绩效考核管理指引\058_基金管理公司绩效考核管理指引_02_附件PDF.pdf,02_文本抽取库\03A_业绩比较基准与基金评价规则\058_基金管理公司绩效考核管理指引\058_基金管理公司绩效考核管理指引_01_AMAC公告页.txt; 02_文本抽取库\03A_业绩比较基准与基金评价规则\058_基金管理公司绩效考核管理指引\058_基金管理公司绩效考核管理指引_02_附件PDF.txt,html; pdf,2,公告未另列实施日期，按公告发布日入库；修订替代2022年《基金管理公司绩效考核与薪酬管理指引》。; 续跑时复用已下载文件,
059,P1,03_证监会公募基金一般运作规则,公开募集证券投资基金管理人参与上市公司治理管理规则,行业自律规则,中国证券投资基金业协会,中基协发〔2025〕8号,2025-05-09,2025-05-09,现行有效,否,AMAC公告页;附件PDF;信息披露模板XLSX,上市公司治理;投票表决权;受托责任;信息披露;责任报告;管理人治理,https://www.amac.org.cn/xwfb/tzgg/202505/t20250509_26659.html; https://www.amac.org.cn/xwfb/tzgg/202505/P020250509630213513484.pdf; https://www.amac.org.cn/xwfb/tzgg/202505/P020250509630214194111.xlsx,01_法规原文库\03_证监会公募基金一般运作规则\059_公开募集证券投资基金管理人参与上市公司治理管理规则\059_公开募集证券投资基金管理人参与上市公司治理管理规则_01_AMAC公告页.html; 01_法规原文库\03_证监会公募基金一般运作规则\059_公开募集证券投资基金管理人参与上市公司治理管理规则\059_公开募集证券投资基金管理人参与上市公司治理管理规则_02_附件1规则PDF.pdf; 01_法规原文库\03_证监会公募基金一般运作规则\059_公开募集证券投资基金管理人参与上市公司治理管理规则\059_公开募集证券投资基金管理人参与上市公司治理管理规则_03_附件2信息披露模板XLSX.xlsx,02_文本抽取库\03_证监会公募基金一般运作规则\059_公开募集证券投资基金管理人参与上市公司治理管理规则\059_公开募集证券投资基金管理人参与上市公司治理管理规则_01_AMAC公告页.txt; 02_文本抽取库\03_证监会公募基金一般运作规则\059_公开募集证券投资基金管理人参与上市公司治理管理规则\059_公开募集证券投资基金管理人参与上市公司治理管理规则_02_附件1规则PDF.txt,html; pdf; xlsx,3,修订原《基金管理公司代表基金对外行使投票表决权工作指引》；信息披露模板作为配套附件保存。; 续跑时复用已下载文件,
060,P1,03_证监会公募基金一般运作规则,证券投资基金管理公司合规管理规范,行业自律规则,中国证券投资基金业协会,中基协发〔2024〕2号,2024-03-13,2017-10-01,现行有效,否,AMAC法规库正文页,基金管理公司;合规管理;督察长;年度合规报告;内控;销售合规;信息披露合规,https://fg.amac.org.cn/governmentrules_3854/zcgz_zlgz/zlgz_gmjj/zlgz_gmjj_zhl/202412/t20241220_26250.html,01_法规原文库\03_证监会公募基金一般运作规则\060_证券投资基金管理公司合规管理规范\060_证券投资基金管理公司合规管理规范_01_AMAC法规库正文页.html,02_文本抽取库\03_证监会公募基金一般运作规则\060_证券投资基金管理公司合规管理规范\060_证券投资基金管理公司合规管理规范_01_AMAC法规库正文页.txt,html,1,采用AMAC法规库现行有效正文页；官方元数据列示发文日期2024-03-13、实施日期2017-10-01。; 续跑时复用已下载文件,
